year,category,title,genres,MovieLensrating,runtimeMinutes,IMDBRating,imdb_numVotes,RottenCriticRating,rottencritic_numVotes,RottenRating,rotten_numVotes,won_bafta,won_sa,won_sag,won_cc,won_dga,won_nbra,won_oscar
1944,BEST PICTURE,Double Indemnity,Crime|Drama|Film-Noir,4.2,107,8.3,125662,96,57,95,35629,0,0,0,0,0,0,0
1944,BEST PICTURE,Gaslight,Drama|Thriller,4.03,114,7.8,20733,86,28,90,8460,0,0,0,0,0,0,0
1944,BEST PICTURE,Going My Way,Comedy|Drama|Musical,3.56,126,7.2,9228,79,24,76,5748,0,0,0,0,0,0,1
1944,BEST PICTURE,Since You Went Away,Drama|War,3.65,177,7.6,3879,80,10,82,1305,0,0,0,0,0,0,0
1944,BEST PICTURE,Wilson,Drama,3.21,154,6.8,1314,88,8,41,363,0,0,0,0,0,0,0
1945,BEST PICTURE,Anchors Aweigh,Comedy|Musical,3.56,140,7.2,7177,62,13,79,8276,0,0,0,0,0,0,0
1945,BEST PICTURE,The Bells of St. Mary's,Drama,3.79,126,7.4,6375,94,18,77,7097,0,0,0,0,0,0,0
1945,BEST PICTURE,The Lost Weekend,Drama|Film-Noir,3.89,101,8,30176,100,33,90,8800,0,0,0,0,0,0,1
1945,BEST PICTURE,Mildred Pierce,Drama|Film-Noir,3.93,111,8,19982,85,90,90,8201,0,0,0,0,0,0,0
1945,BEST PICTURE,Spellbound,Mystery|Romance|Thriller,3.89,111,7.6,39065,83,36,82,16880,0,0,0,0,0,0,0
1946,BEST PICTURE,The Best Years of Our Lives,Drama|Romance|War,4.05,170,8.1,52846,96,49,92,10761,0,0,0,0,0,0,1
1946,BEST PICTURE,Henry V,Biography|Drama|History,3.65,137,7.3,5188,94,33,83,1006,0,0,0,0,0,1,0
1946,BEST PICTURE,It's a Wonderful Life,Children|Drama|Fantasy|Romance,4.02,130,8.6,352487,93,75,95,218305,0,0,0,0,0,0,0
1946,BEST PICTURE,The Razor's Edge,Drama|Romance,3.75,145,7.5,4785,83,6,72,1892,0,0,0,0,0,0,0
1946,BEST PICTURE,The Yearling,Drama|Family|Western,3.65,128,7.3,4868,100,14,75,3759,0,0,0,0,0,0,0
1947,BEST PICTURE,The Bishop's Wife,Comedy|Drama|Fantasy,3.8,109,7.6,12388,83,23,81,7949,0,0,0,0,0,0,0
1947,BEST PICTURE,Crossfire,Crime|Film-Noir,3.66,86,7.4,6599,81,16,75,1874,0,0,0,0,0,0,0
1947,BEST PICTURE,Gentleman's Agreement,Drama,3.74,118,7.4,13157,78,37,77,5598,0,0,0,0,0,0,1
1947,BEST PICTURE,Great Expectations,Adveture|Drama|Mystery,3.95,118,7.9,20221,100,27,88,9170,0,0,0,0,0,0,0
1947,BEST PICTURE,Miracle on 34th Street,Comedy|Drama,3.71,96,7.9,36755,96,47,86,47505,0,0,0,0,0,0,0
1948,BEST PICTURE,Hamlet,Drama,3.75,154,7.8,13761,91,34,81,7514,1,0,0,0,0,0,1
1948,BEST PICTURE,Johnny Belinda,Drama,3.53,102,7.8,3809,89,9,88,1418,0,0,0,0,0,0,0
1948,BEST PICTURE,The Red Shoes,Drama|Musical|Romance,4.15,134,8.3,24336,96,55,92,11713,0,0,0,0,0,0,0
1948,BEST PICTURE,The Snake Pit,Drama|Mystery,3.8,108,7.6,5942,100,7,83,2642,0,0,0,0,0,0,0
1948,BEST PICTURE,The Treasure of the Sierra Madre,Adventure|Drama|Western,4.1,126,8.2,100647,100,45,93,26022,0,0,0,0,0,0,0
1949,BEST PICTURE,All the King's Men,Drama,3.9,110,7.5,11860,97,34,78,4832,0,0,0,0,1,0,1
1949,BEST PICTURE,Battleground,Action|Drama|War,3.53,118,7.5,6037,100,5,82,2723,0,0,0,0,0,0,0
1949,BEST PICTURE,The Heiress,Drama|Romance,4.1,115,8.2,11689,100,9,93,3000,0,0,0,0,0,0,0
1949,BEST PICTURE,A Letter to Three Wives,Drama|Romance,3.6,103,7.8,7496,94,17,86,3711,0,0,0,0,0,0,0
1949,BEST PICTURE,Twelve O'Clock High,Drama|War,3.89,132,7.8,11391,96,23,87,6003,0,0,0,0,0,0,0
1950,BEST PICTURE,All About Eve,Drama,4.15,138,8.3,106339,100,66,94,45076,1,0,0,0,1,0,1
1950,BEST PICTURE,Born Yesterday,Comedy,3.85,103,7.6,8916,95,21,86,4765,0,0,0,0,0,0,0
1950,BEST PICTURE,Father of the Bride,Comedy,3.46,92,7.2,9134,93,29,74,13891,0,0,0,0,0,0,0
1950,BEST PICTURE,King Solomon's Mines,Action|Adventure|Romance,3.33,103,6.9,5170,92,12,60,3231,0,0,0,0,0,0,0
1950,BEST PICTURE,Sunset Boulevard,Drama|Film-Noir,4.2,110,8.4,176525,98,62,95,53182,0,0,0,0,0,1,0
1951,BEST PICTURE,An American in Paris,Drama|Musical|Romance,3.6,114,7.2,27161,95,62,79,26399,0,0,0,0,0,0,1
1951,BEST PICTURE,Decision before Dawn,Drama|War,3.65,119,7.3,2076,100,5,69,334,0,0,0,0,0,0,0
1951,BEST PICTURE,A Place in the Sun,Drama|Romance,3.8,122,7.8,17906,75,28,84,8513,0,0,0,0,1,1,0
1951,BEST PICTURE,Quo Vadis,Drama|Romance,3.33,171,7.2,12087,88,16,73,3708,0,0,0,0,0,0,0
1951,BEST PICTURE,A Streetcar Named Desire,Drama,4,122,8,90884,98,55,90,55049,0,0,0,0,0,0,0
1952,BEST PICTURE,The Greatest Show on Earth,Drama|Family|Romance,3.35,152,6.7,11488,45,29,55,6168,0,0,0,0,0,0,1
1952,BEST PICTURE,High Noon,Drama|Western,4.04,85,8,89920,96,50,89,25323,0,0,0,0,0,0,0
1952,BEST PICTURE,Ivanhoe,Adventure|Drama|Romance,3.18,106,6.8,7442,79,14,64,5025,0,0,0,0,0,0,0
1952,BEST PICTURE,Moulin Rouge,Drama,3.21,119,7.1,4479,78,9,90,68270,0,0,0,0,0,0,0
1952,BEST PICTURE,The Quiet Man,Comedy|Drama|Romance,3.8,129,7.8,31544,90,40,91,30384,0,0,0,0,1,1,0
1953,BEST PICTURE,From Here to Eternity,Drama|Romance|War,3.93,118,7.7,39191,92,52,84,14837,0,0,0,0,1,0,1
1953,BEST PICTURE,Julius Caesar,Drama,3.55,120,7.4,9332,95,20,81,5238,0,0,0,0,0,1,0
1953,BEST PICTURE,The Robe,Drama|History,3.4,135,6.8,8055,33,18,69,6004,0,0,0,0,0,0,0
1953,BEST PICTURE,Roman Holiday,Comedy|Drama|Romance,4.06,118,8.1,116728,98,53,93,63319,0,0,0,0,0,0,0
1953,BEST PICTURE,Shane,Drama|Western,3.76,118,7.7,33258,97,33,81,15474,0,0,0,0,0,0,0
1954,BEST PICTURE,The Caine Mutiny,Drama|War,3.9,124,7.8,22510,92,24,87,7531,0,0,0,0,0,0,0
1954,BEST PICTURE,The Country Girl,Drama|Musical,3.45,104,7.3,4831,86,7,78,3102,0,0,0,0,0,0,0
1954,BEST PICTURE,On the Waterfront,Crime|Drama,4.13,108,8.2,127596,98,64,95,52055,0,0,0,0,1,1,1
1954,BEST PICTURE,Seven Brides for Seven Brothers,Comedy|Musical|Romance|Western,3.55,102,7.4,19272,88,25,87,54281,0,0,0,0,0,0,0
1954,BEST PICTURE,Three Coins in the Fountain,Drama|Romance,2.82,102,6.3,2742,63,8,43,2015,0,0,0,0,0,0,0
1955,BEST PICTURE,Love Is a Many-Splendored Thing,Drama|Romance|War,3.27,102,6.6,4011,50,14,57,2550,0,0,0,0,0,0,0
1955,BEST PICTURE,Marty,Drama|Romance,3.9,90,7.7,18971,100,33,87,6710,0,0,0,0,1,1,1
1955,BEST PICTURE,Mister Roberts,Comedy|Drama|War,4.04,123,7.7,14223,92,24,85,6713,0,0,0,0,0,0,0
1955,BEST PICTURE,Picnic,Drama|Romance,3.65,115,7.2,7260,57,7,55,2506,0,0,0,0,0,0,0
1955,BEST PICTURE,The Rose Tattoo,Comedy|Drama|Romance,3.45,117,7.2,3124,80,5,76,1102,0,0,0,0,0,0,0
1956,BEST PICTURE,Around the World in 80 Days,Adventure|Comedy,3.47,175,6.8,21952,71,38,57,33398,0,0,0,0,0,1,1
1956,BEST PICTURE,Friendly Persuasion,Drama,3.81,137,7.5,5735,88,8,82,1242,0,0,0,0,0,0,0
1956,BEST PICTURE,Giant,Drama|Romance|Western,3.74,201,7.7,30945,95,40,86,24234,0,0,0,0,1,0,0
1956,BEST PICTURE,The King and I,Biography|Drama|Musical,3.25,133,7.5,21995,96,25,83,60960,0,0,0,0,0,0,0
1956,BEST PICTURE,The Ten Commandments,Adventure|Drama,3.45,220,7.9,56606,94,33,87,60166,0,0,0,0,0,0,0
1957,BEST PICTURE,The Bridge on the River Kwai,Adventure|Drama|War,4.1,161,8.2,184678,95,56,93,54514,1,0,0,0,1,1,1
1957,BEST PICTURE,Peyton Place,Drama|Romance,3.3,157,7.2,4708,60,15,73,3098,0,0,0,0,0,0,0
1957,BEST PICTURE,Sayonara,Drama,3.39,147,7.2,5346,100,9,78,3540,0,0,0,0,0,0,0
1957,BEST PICTURE,12 Angry Men,Drama,4.24,96,8.9,584744,100,50,97,104767,0,0,0,0,0,0,0
1957,BEST PICTURE,Witness for the Prosecution,Drama|Mystery|Thriller,4.08,116,8.4,89880,100,31,95,8901,0,0,0,0,0,0,0
1958,BEST PICTURE,Auntie Mame,Comedy|Drama,3.89,143,8,9405,93,14,93,8198,0,0,0,0,0,0,0
1958,BEST PICTURE,Cat on a Hot Tin Roof,Drama,3.93,108,8.1,39943,97,35,92,31697,0,0,0,0,0,0,0
1958,BEST PICTURE,The Defiant Ones,Crime|Drama,3.35,96,7.7,11772,81,21,88,5123,0,0,0,0,0,0,0
1958,BEST PICTURE,Gigi,Musical,3.6,115,6.8,17608,79,33,74,20961,0,0,0,0,1,0,1
1958,BEST PICTURE,Separate Tables,Drama,3.7,100,7.5,5907,71,14,78,1333,0,0,0,0,0,0,0
1959,BEST PICTURE,Anatomy of a Murder,Drama|Mystery,4.02,160,8,53536,100,42,90,12286,0,0,0,0,0,0,0
1959,BEST PICTURE,Ben-Hur,Action|Adventure|Drama,3.8,212,8.1,199622,87,46,89,106050,1,0,0,0,1,0,1
1959,BEST PICTURE,The Diary of Anne Frank,Drama|War,3.7,180,7.4,10952,76,17,77,27939,0,0,0,0,0,0,0
1959,BEST PICTURE,The Nun's Story,Drama,3.2,149,7.6,8422,93,15,82,5543,0,0,0,0,0,1,0
1959,BEST PICTURE,Room at the Top,Drama,3.81,117,7.6,4434,100,13,82,1162,0,0,0,0,0,0,0
1960,BEST PICTURE,The Alamo,Adventure|Drama|History,3.3,162,6.9,13013,50,20,64,7310,0,0,0,0,0,0,0
1960,BEST PICTURE,The Apartment,Comedy|Drama|Romance,4.15,125,8.3,141371,94,63,94,37979,1,0,0,0,1,0,1
1960,BEST PICTURE,Elmer Gantry,Drama,3.87,146,7.8,9190,97,29,86,3384,0,0,0,0,0,0,0
1960,BEST PICTURE,Sons and Lovers,Drama,3.08,103,7.3,1147,75,8,55,394,0,0,0,0,0,1,0
1960,BEST PICTURE,The Sundowners,Drama|Adventure,3.65,133,7.2,3405,80,10,63,584,0,0,0,0,0,0,0
1961,BEST PICTURE,Fanny,Drama|Romance,3.32,134,7,1747,0,0,70,417,0,0,0,0,0,0,0
1961,BEST PICTURE,The Guns of Navarone,Action|Adventure|Drama,3.25,158,7.6,41652,95,22,86,20179,0,0,0,0,0,0,0
1961,BEST PICTURE,The Hustler,Drama|Sport,4.15,134,8,70153,98,43,93,31163,0,0,0,0,0,0,0
1961,BEST PICTURE,Judgment at Nuremberg,Drama,3.96,186,8.2,61051,90,20,93,8605,0,0,0,0,0,0,0
1961,BEST PICTURE,West Side Story,Drama|Musical|Romance,3.72,153,7.6,86813,94,67,84,168816,0,0,0,0,1,0,1
1962,BEST PICTURE,Lawrence of Arabia,Adventure|Drama|War,4.11,216,8.3,238938,98,82,93,74715,1,0,0,0,1,0,1
1962,BEST PICTURE,The Longest Day,Action|Drama|History,3.45,178,7.8,48624,91,22,90,42863,0,0,0,0,0,1,0
1962,BEST PICTURE,The Music Man,Comedy|Musical|Romance,3.35,151,7.7,14692,94,17,85,30520,0,0,0,0,0,0,0
1962,BEST PICTURE,Mutiny on the Bounty,Adventure|Drama|Romance,3.57,178,7.3,13479,72,18,73,4451,0,0,0,0,0,0,0
1962,BEST PICTURE,To Kill a Mockingbird,Drama,4.15,129,8.3,268613,91,57,92,178692,0,0,0,0,0,0,0
1963,BEST PICTURE,America America,Drama,3.45,176,7.8,4300,71,7,85,967,0,0,0,0,0,0,0
1963,BEST PICTURE,Cleopatra,Drama|Romance,3.44,192,7,26208,56,34,69,20503,0,0,0,0,0,0,0
1963,BEST PICTURE,How the West Was Won,Western,3.56,184,7.1,16813,90,20,74,9762,0,0,0,0,0,0,0
1963,BEST PICTURE,Lilies of the Field,Drama,3.94,94,7.6,7895,90,21,85,6118,0,0,0,0,0,0,0
1963,BEST PICTURE,Tom Jones,Adventure|Comedy|Romance,3.77,128,6.6,10311,85,33,58,5459,1,0,0,0,1,1,1
1964,BEST PICTURE,Becket,Drama,3.91,148,8,12568,75,24,88,5598,0,0,0,0,0,1,0
1964,BEST PICTURE,Dr. Strangelove or: How I Learned to Stop Worrying and Love the Bomb,Comedy|War,4.21,95,8.4,410460,99,77,94,209130,0,0,0,0,0,0,0
1964,BEST PICTURE,Mary Poppins,Children|Comedy|Fantasy|Musical,3.72,139,7.8,140319,100,48,86,682194,0,0,0,0,0,0,0
1964,BEST PICTURE,My Fair Lady,Comedy|Drama|Musical|Romance,3.87,170,7.9,79112,96,50,90,186935,1,0,0,0,1,0,1
1964,BEST PICTURE,Zorba the Greek,Comedy|Drama,3.35,142,7.7,18528,88,8,87,7118,0,0,0,0,0,0,0
1965,BEST PICTURE,Darling,Drama,3.42,128,7.2,5188,70,10,71,2177,0,0,0,0,0,0,0
1965,BEST PICTURE,Doctor Zhivago,Drama|Romance|War,3.92,197,8,63997,82,45,88,45705,0,0,0,0,0,0,0
1965,BEST PICTURE,Ship of Fools,Drama,3.5,149,7.2,4629,81,16,77,1164,0,0,0,0,0,0,0
1965,BEST PICTURE,The Sound of Music,Biography|Drama|Family,4.25,172,8,180961,86,64,91,606045,0,0,0,0,1,0,1
1965,BEST PICTURE,A Thousand Clowns,Comedy|Drama|Romance,3.25,118,7.5,2959,69,16,89,1066,0,0,0,0,0,0,0
1966,BEST PICTURE,Alfie,Comedy|Drama|Romance,3.6,114,7.1,12307,96,26,76,14660,0,0,0,0,0,0,0
1966,BEST PICTURE,A Man for All Seasons,Biography|Drama|History,3.45,120,7.8,27943,82,38,87,9727,1,0,0,0,1,1,1
1966,BEST PICTURE,The Russians Are Coming The Russians Are Coming,Comedy|War,3.6,126,7.1,7144,85,20,75,4747,0,0,0,0,0,0,0
1966,BEST PICTURE,The Sand Pebbles,Adventure|Drama|Romance,3.45,182,7.7,12077,94,16,88,5626,0,0,0,0,0,0,0
1966,BEST PICTURE,Who's Afraid of Virginia Woolf?,Drama,4.03,131,8,63471,95,41,91,21546,1,0,0,0,0,0,0
1967,BEST PICTURE,Bonnie and Clyde,Crime|Drama,3.85,111,7.9,93040,88,56,88,56421,0,0,0,0,0,0,0
1967,BEST PICTURE,Doctor Dolittle,Adventure|Children|Musical,3,152,6.2,7524,32,19,57,73369,0,0,0,0,0,0,0
1967,BEST PICTURE,The Graduate,Comedy|Drama|Romance,4.5,106,8,236312,89,75,90,183364,1,0,0,0,1,0,0
1967,BEST PICTURE,Guess Who's Coming to Dinner,Drama,3.84,108,7.8,34823,71,31,85,38197,0,0,0,0,0,0,0
1967,BEST PICTURE,In the Heat of the Night,Drama|Mystery,4.05,110,8,59775,96,49,92,23095,0,0,0,0,0,0,1
1968,BEST PICTURE,Funny Girl,Drama|Musical|Romance,3.56,151,7.6,16500,93,44,85,19840,0,0,0,0,0,0,0
1968,BEST PICTURE,The Lion in Winter,Biography|Drama|History,4.05,134,8.1,26724,92,36,90,13077,0,0,0,0,1,0,0
1968,BEST PICTURE,Oliver!,Drama|Musical,3.64,153,7.5,31159,82,33,81,56053,0,0,0,0,0,0,1
1968,BEST PICTURE,"Rachel, Rachel",Drama|Romance,3.62,101,7.4,2660,86,7,77,482,0,0,0,0,0,0,0
1968,BEST PICTURE,Romeo and Juliet,Drama|Romance,3.61,138,7.6,26971,94,36,74,65120,0,0,0,0,0,0,0
1969,BEST PICTURE,Anne of the Thousand Days,Drama,3.77,145,7.5,6115,38,13,83,3269,0,0,0,0,0,0,0
1969,BEST PICTURE,Butch Cassidy and the Sundance Kid,Action|Western,4.03,110,8.1,185605,90,48,92,70978,1,0,0,0,0,0,0
1969,BEST PICTURE,"Hello, Dolly!",Comedy|Musical|Romance,3.37,146,7.2,11968,43,30,76,21156,0,0,0,0,0,0,0
1969,BEST PICTURE,Midnight Cowboy,Drama,3.96,113,7.9,89499,90,63,88,39873,1,0,0,0,1,0,1
1969,BEST PICTURE,Z,Drama|Mystery|Thriller,4.02,127,8.2,21110,93,40,93,6500,0,0,0,0,0,0,0
1970,BEST PICTURE,Airport,Drama,3.05,137,6.6,15773,80,15,53,11242,0,0,0,0,0,0,0
1970,BEST PICTURE,Five Easy Pieces,Drama,3.9,98,7.5,29826,88,49,84,13083,0,0,0,0,0,0,0
1970,BEST PICTURE,Love Story,Drama|Romance,3.21,100,6.9,26871,64,25,75,35255,0,0,0,0,0,0,0
1970,BEST PICTURE,MASH,Comedy|Drama|War,3.4,116,7.6,62944,85,47,83,53077,0,0,0,0,0,0,0
1970,BEST PICTURE,Patton,Drama|War,4,172,8,87450,96,45,93,43207,0,0,0,0,1,1,1
1971,BEST PICTURE,A Clockwork Orange,Comedy|Drama|Sci-Fi,4.15,136,8.3,680938,90,59,93,436312,0,0,0,0,0,0,0
1971,BEST PICTURE,Fiddler on the Roof,Drama|Musical,3.89,181,8,34806,83,40,92,52502,0,0,0,0,0,0,0
1971,BEST PICTURE,The French Connection,Action|Crime|Drama,3.8,104,7.8,98575,98,56,87,44157,0,0,0,0,1,0,1
1971,BEST PICTURE,The Last Picture Show,Drama,4.16,118,8.1,37429,100,52,90,14082,0,0,0,0,0,0,0
1971,BEST PICTURE,Nicholas and Alexandra,Drama|War,3.43,183,7.3,3967,71,14,78,1663,0,0,0,0,0,0,0
1972,BEST PICTURE,Cabaret,Drama|Musical,3.86,124,7.8,42949,95,37,87,36019,1,0,0,0,0,1,0
1972,BEST PICTURE,Deliverance,Adventure|Drama|Thriller,3.77,109,7.7,90274,93,56,82,49318,0,0,0,0,0,0,0
1972,BEST PICTURE,The Emigrants,Drama|History,3.97,151,8,4608,89,9,87,758,0,0,0,0,0,0,0
1972,BEST PICTURE,The Godfather,Crime|Drama,4.62,175,9.2,1420779,98,89,98,732022,0,0,0,0,1,0,1
1972,BEST PICTURE,Sounder,Drama,3.76,105,7.6,3128,88,17,77,1922,0,0,0,0,0,0,0
1973,BEST PICTURE,American Graffiti,Comedy|Drama,3.75,110,7.5,74033,96,47,84,64476,0,0,0,0,0,0,0
1973,BEST PICTURE,Cries and Whispers,Drama,3.67,151,8.1,25504,89,28,91,9191,0,0,0,0,0,0,0
1973,BEST PICTURE,The Exorcist,Horror,3.89,122,8,329151,85,75,87,419799,0,0,0,0,0,0,0
1973,BEST PICTURE,The Sting,Comedy|Crime|Drama,3.99,129,8.3,216858,93,57,95,61610,0,0,0,0,1,1,1
1973,BEST PICTURE,A Touch of Class,Comedy|Romance,3.11,106,6.5,2469,91,11,65,2022,0,0,0,0,0,0,0
1974,BEST PICTURE,Chinatown,Crime|Film-Noir|Mystery|Thriller,4.15,130,8.2,263490,98,64,93,77592,0,0,0,0,0,0,0
1974,BEST PICTURE,The Conversation,Drama|Mystery|Thriller,3.48,113,7.9,86745,98,49,90,34941,0,0,0,0,0,1,0
1974,BEST PICTURE,The Godfather Part II,Crime|Drama,4.31,202,9,986231,97,73,97,410664,0,0,0,0,1,0,1
1974,BEST PICTURE,Lenny,Drama,3.77,111,7.6,12929,95,20,88,6525,0,0,0,0,0,0,0
1974,BEST PICTURE,The Towering Inferno,Action|Drama|Thriller,3.37,165,6.9,35462,71,28,71,28282,0,0,0,0,0,0,0
1975,BEST PICTURE,Barry Lyndon,Drama|Romance|War,3.83,185,8.1,130762,94,67,92,44895,0,0,0,0,0,1,0
1975,BEST PICTURE,Dog Day Afternoon,Crime|Drama,3.96,125,8,216415,95,42,90,110014,0,0,0,0,0,0,0
1975,BEST PICTURE,Jaws,Action|Horror,3.78,124,8,505104,97,78,90,943309,0,0,0,0,0,0,0
1975,BEST PICTURE,Nashville,Drama|Musical,3.89,160,7.8,20856,93,54,84,10046,0,0,0,0,0,1,0
1975,BEST PICTURE,One Flew over the Cuckoo's Nest,Drama,4.17,133,8.7,821663,94,70,96,279151,1,0,0,0,1,0,1
1976,BEST PICTURE,All the President's Men,Drama|Thriller,4.03,138,8,91053,93,56,92,50158,0,0,0,0,0,1,0
1976,BEST PICTURE,Bound for Glory,Drama,3.6,147,7.3,4281,85,20,77,1378,0,0,0,0,0,0,0
1976,BEST PICTURE,Network,Comedy|Drama,4.01,121,8.1,129862,92,61,93,36180,0,0,0,0,0,0,0
1976,BEST PICTURE,Rocky,Drama,3.73,120,8.1,467667,93,60,69,33403994,0,0,0,0,1,0,1
1976,BEST PICTURE,Taxi Driver,Crime|Drama|Thriller,4.09,114,8.3,628621,98,82,93,259362,0,0,0,0,0,0,0
1977,BEST PICTURE,Annie Hall,Comedy|Romance,4.04,93,8,235094,97,71,92,153515,1,0,0,0,1,0,1
1977,BEST PICTURE,The Goodbye Girl,Comedy|Drama|Romance,3.24,111,7.4,11303,88,16,84,7457,0,0,0,0,0,0,0
1977,BEST PICTURE,Julia,Drama,3.59,117,7.3,8006,72,25,71,2731,1,0,0,0,0,0,0
1977,BEST PICTURE,Star Wars,Action|Adventure|Fantasy,4.23,121,8.6,1109018,93,116,96,860155,0,0,0,0,0,0,0
1977,BEST PICTURE,The Turning Point,Drama|Romance,3.7,119,6.9,3869,60,20,67,2860,0,0,0,0,0,1,0
1978,BEST PICTURE,Coming Home,Drama|War,3.68,127,7.3,11126,82,22,83,5149,0,0,0,0,0,0,0
1978,BEST PICTURE,The Deer Hunter,Drama|War,3.88,183,8.1,282003,94,68,92,103261,0,0,0,0,1,0,1
1978,BEST PICTURE,Heaven Can Wait,Comedy,3.54,101,6.9,16762,89,36,68,13197,0,0,0,0,0,0,0
1978,BEST PICTURE,Midnight Express,Drama,3.89,121,7.6,64924,96,24,89,31000,0,0,0,0,0,0,0
1978,BEST PICTURE,An Unmarried Woman,Comedy|Drama|Romance,3.6,124,7.2,4096,89,19,72,1805,0,0,0,0,0,0,0
1979,BEST PICTURE,All That Jazz,Drama|Fantasy|Musical,3.75,123,7.8,23786,86,36,86,11693,0,0,0,0,0,0,0
1979,BEST PICTURE,Apocalypse Now,Action|Drama|War,4.11,147,8.5,541750,96,85,94,285465,0,0,0,0,0,0,0
1979,BEST PICTURE,Breaking Away,Comedy|Drama,4,101,7.7,19908,94,36,88,9288,0,0,0,0,0,0,0
1979,BEST PICTURE,Kramer vs. Kramer,Drama,3.73,105,7.8,117293,91,45,89,43300,0,0,0,0,1,0,1
1979,BEST PICTURE,Norma Rae,Drama,3.67,114,7.4,9281,88,25,79,7169,0,0,0,0,0,0,0
1980,BEST PICTURE,Coal Miner's Daughter,Drama,3.66,124,7.5,15093,88,16,86,36269,0,0,0,0,0,0,0
1980,BEST PICTURE,The Elephant Man,Biography|Drama,4.2,124,8.2,198567,91,44,93,64386,1,0,0,0,0,0,0
1980,BEST PICTURE,Ordinary People,Drama,3.88,124,7.8,41848,91,45,88,23123,0,0,0,0,1,1,1
1980,BEST PICTURE,Raging Bull,Drama,4.05,129,8.2,284615,95,66,93,131037,0,0,0,0,0,0,0
1980,BEST PICTURE,Tess,Drama|Romance,3.14,170,7.3,13406,83,23,78,6305,0,0,0,0,0,0,0
1981,BEST PICTURE,Atlantic City,Crime|Drama|Romance,3.27,104,7.4,13185,100,32,77,5177,0,0,0,0,0,0,0
1981,BEST PICTURE,Chariots of Fire,Drama,3.69,125,7.2,48905,84,67,80,37105,1,0,0,0,0,1,1
1981,BEST PICTURE,On Golden Pond,Drama,3.69,109,7.7,25221,92,26,87,20501,0,0,0,0,0,0,0
1981,BEST PICTURE,Indiana Jones and the Raiders of the Lost Ark,Action|Adventure,3.86,115,8.5,802452,95,75,96,825430,0,0,0,0,0,0,0
1981,BEST PICTURE,Reds,Drama|Romance,3.51,195,7.4,18978,92,39,82,8957,0,0,0,0,1,1,0
1982,BEST PICTURE,E.T. The Extra-Terrestrial,Family|Sci-Fi,3.79,115,7.9,333940,98,125,72,32314263,0,0,0,0,0,0,0
1982,BEST PICTURE,Gandhi,Drama,3.97,191,8.1,205731,86,56,92,49733,1,0,0,0,1,1,1
1982,BEST PICTURE,Missing,Drama|Mystery|Thriller,3.79,122,7.8,16462,97,30,85,5415,0,0,0,0,0,0,0
1982,BEST PICTURE,Tootsie,Comedy|Romance,3.62,116,7.4,88680,89,47,81,58385,0,0,0,0,0,0,0
1982,BEST PICTURE,The Verdict,Drama,3.47,129,7.8,31960,96,28,88,10330,0,0,0,0,0,0,0
1983,BEST PICTURE,The Big Chill,Comedy|Drama,3.56,105,7.2,29855,66,35,77,22250,0,0,0,0,0,0,0
1983,BEST PICTURE,The Dresser,Drama,3.35,118,7.7,4303,100,14,87,1791,0,0,0,0,0,0,0
1983,BEST PICTURE,The Right Stuff,Adventure|Biography|Drama,4.06,193,7.9,51724,98,47,90,22869,0,0,0,0,0,0,0
1983,BEST PICTURE,Tender Mercies,Drama|Romance|Western,3.95,92,7.4,8419,86,21,82,3591,0,0,0,0,0,0,0
1983,BEST PICTURE,Terms of Endearment,Comedy|Drama,3.63,132,7.4,48993,88,43,83,36258,0,0,0,0,1,1,1
1984,BEST PICTURE,Amadeus,Drama,4.06,160,8.3,332732,93,89,95,179835,0,0,0,0,1,0,1
1984,BEST PICTURE,Places in the Heart,Drama,3.75,111,7.4,9303,96,27,83,6712,0,0,0,0,0,0,0
1984,BEST PICTURE,A Soldier's Story,Crime|Drama|Mystery,3.6,101,7.2,8012,90,20,82,6482,0,0,0,0,0,0,0
1985,BEST PICTURE,The Color Purple,Drama,3.42,154,7.8,70945,85,27,94,180782,0,0,0,0,1,1,0
1985,BEST PICTURE,Kiss of the Spider Woman,Drama,3.78,120,7.4,12857,85,26,81,7162,0,0,0,0,0,0,0
1985,BEST PICTURE,Out of Africa,Drama|Romance,3.64,161,7.2,63934,60,48,83,40189,0,0,0,0,0,0,1
1985,BEST PICTURE,Prizzi's Honor,Comedy|Drama|Romance,3.58,130,6.8,20986,88,34,62,7899,0,0,0,0,0,0,0
1985,BEST PICTURE,Witness,Drama|Romance|Thriller,3.83,112,7.4,77815,92,37,80,46712,0,0,0,0,0,0,0
1986,BEST PICTURE,Children of a Lesser God,Drama,3.72,119,7.2,13545,81,32,78,8529,0,0,0,0,0,0,0
1986,BEST PICTURE,Hannah and Her Sisters,Comedy|Drama|Romance,3.92,107,7.9,61296,91,56,90,31017,0,0,0,0,0,0,0
1986,BEST PICTURE,The Mission,Adventure|Drama|History,3.36,125,7.5,51281,63,24,87,38835,0,0,0,0,0,0,0
1986,BEST PICTURE,Platoon,Drama|War,3.9,120,8.1,348537,88,65,93,239618,0,0,0,0,1,0,1
1986,BEST PICTURE,A Room with a View,Drama|Romance,3.71,117,7.4,35583,100,30,85,25400,1,0,0,0,0,1,0
1987,BEST PICTURE,Broadcast News,Comedy|Drama|Romance,3.68,133,7.2,24558,98,47,78,10930,0,0,0,0,0,0,0
1987,BEST PICTURE,Fatal Attraction,Drama|Thriller,3.43,119,6.9,66624,78,46,71,52927,0,0,0,0,0,0,0
1987,BEST PICTURE,Hope and Glory,Drama,3.89,113,7.4,11318,95,19,83,5778,0,0,0,0,0,0,0
1987,BEST PICTURE,The Last Emperor,Biography|Drama|History,3.45,163,7.8,84367,91,65,88,39805,0,0,0,0,1,0,1
1987,BEST PICTURE,Moonstruck,Comedy|Romance,3.63,102,7.1,43303,93,56,80,44700,0,0,0,0,0,0,0
1988,BEST PICTURE,The Accidental Tourist,Drama|Romance,3.5,121,6.8,13797,80,30,60,6193,0,0,0,0,0,0,0
1988,BEST PICTURE,Dangerous Liaisons,Drama|Romance,3.86,119,7.6,59587,93,29,83,46509,0,0,0,0,0,0,0
1988,BEST PICTURE,Mississippi Burning,Crime|Drama|Thriller,3.85,128,7.8,78175,86,21,90,39349,0,0,0,0,0,1,0
1988,BEST PICTURE,Rain Man,Drama,3.91,133,8,438239,89,76,90,313840,0,0,0,0,1,0,1
1988,BEST PICTURE,Working Girl,Comedy|Drama|Romance,3.35,113,6.8,47461,85,39,67,33545,0,0,0,0,0,0,0
1989,BEST PICTURE,Born on the Fourth of July,Drama|War,3.44,145,7.2,89281,88,43,76,59286,0,0,0,0,1,0,0
1989,BEST PICTURE,Dead Poets Society,Drama,3.92,128,8.1,363716,84,57,92,306778,1,0,0,0,0,0,0
1989,BEST PICTURE,Driving Miss Daisy,Drama,3.68,99,7.4,88262,82,61,81,53602,0,0,0,0,0,1,1
1989,BEST PICTURE,Field of Dreams,Children|Drama|Fantasy,3.62,107,7.5,99100,86,58,86,192781,0,0,0,0,0,0,0
1989,BEST PICTURE,My Left Foot,Drama,3.88,103,7.9,60454,97,35,92,26704,0,0,0,0,0,0,0
1990,BEST PICTURE,Awakenings,Drama|Mystery,3.76,121,7.8,111114,88,33,89,55031,0,0,0,0,0,1,0
1990,BEST PICTURE,Dances With Wolves,Adventure|Drama|Western,4.25,181,8,218870,82,74,87,213480,0,0,0,0,1,1,1
1990,BEST PICTURE,Ghost,Comedy|Drama|Fantasy|Romance|Thriller,3.44,127,7,177508,74,66,80,469421,0,0,0,0,0,0,0
1990,BEST PICTURE,"The Godfather, Part III",Crime|Drama,3.7,162,7.6,323557,68,59,78,305543,0,1,0,0,0,0,0
1990,BEST PICTURE,Good Fellas,Biography|Crime|Drama,4.11,146,8.7,894319,96,92,97,428539,1,0,0,0,0,0,0
1991,BEST PICTURE,Beauty and the Beast,Animation|Children|Fantasy|Musical|Romance|IMAX,3.68,84,8,384970,94,113,92,759753,0,0,0,0,0,0,0
1991,BEST PICTURE,Bugsy,Crime|Drama,3.23,136,6.8,23615,85,59,69,10180,0,0,0,0,0,0,0
1991,BEST PICTURE,JFK,Drama|Mystery|Thriller,3.65,189,8,130011,83,60,88,62496,0,0,0,0,0,0,0
1991,BEST PICTURE,The Prince of Tides,Drama|Romance,3.36,132,6.7,14560,68,31,70,9215,0,0,0,0,0,0,0
1991,BEST PICTURE,The Silence of the Lambs,Crime|Drama|Thriller,4.39,118,8.6,1117469,96,91,95,846168,0,0,0,0,1,1,1
1992,BEST PICTURE,The Crying Game,Crime|Drama|Romance,3.13,112,7.3,47076,94,66,78,31785,1,0,0,0,0,0,0
1992,BEST PICTURE,A Few Good Men,Drama|Thriller,3.37,138,7.7,212882,82,62,89,325214,0,0,0,0,0,0,0
1992,BEST PICTURE,Howards End,Drama,3.76,142,7.5,25637,94,63,82,13633,1,0,0,0,0,1,0
1992,BEST PICTURE,Scent of a Woman,Drama,3.77,156,8,230482,88,42,92,119055,0,0,0,0,0,0,0
1992,BEST PICTURE,Unforgiven,Drama|Western,3.99,130,8.2,337196,96,98,93,122466,0,0,0,0,1,0,1
1993,BEST PICTURE,The Fugitive,Action|Crime|Drama,3.52,130,7.8,243321,96,74,89,267504,0,0,0,0,0,0,0
1993,BEST PICTURE,In the Name of the Father,Drama,3.9,133,8.1,139999,94,50,95,41239,0,0,0,0,0,0,0
1993,BEST PICTURE,The Piano,Drama|Musical|Romance,3.27,121,7.6,72606,92,60,86,48539,0,0,0,0,0,0,0
1993,BEST PICTURE,The Remains of the Day,Drama|Romance,3.46,134,7.9,57003,95,40,89,24259,0,0,0,0,0,0,0
1993,BEST PICTURE,Schindler's List,Drama|War,4.26,195,8.9,1073070,97,95,97,410783,1,0,0,0,1,1,1
1994,BEST PICTURE,Forrest Gump,Comedy|Drama|Romance|War,4.06,142,8.8,1587235,72,95,95,1244117,0,0,0,0,1,1,1
1994,BEST PICTURE,Four Weddings and a Funeral,Comedy|Romance,3.64,117,7.1,125437,96,67,74,184884,1,0,0,0,0,0,0
1994,BEST PICTURE,Pulp Fiction,Comedy|Crime|Drama|Thriller,4.17,154,8.9,1619279,93,86,96,1125719,0,0,0,0,0,1,0
1994,BEST PICTURE,Quiz Show,Drama,3.66,133,7.5,60429,96,55,87,31532,0,0,0,0,0,0,0
1994,BEST PICTURE,The Shawshank Redemption,Drama,4.72,142,9.3,2070726,91,67,98,884998,0,0,0,0,0,0,0
1995,BEST PICTURE,Apollo 13,Adventure|Drama|IMAX,3.88,140,7.6,243696,95,86,87,432618,0,0,1,0,1,0,0
1995,BEST PICTURE,Babe,Children|Drama,3.61,91,6.8,108212,97,70,67,508666,0,0,0,0,0,0,0
1995,BEST PICTURE,Braveheart,Action|Drama|War,4.01,178,8.4,882924,77,75,85,32708421,0,0,0,0,0,0,1
1995,BEST PICTURE,Sense and Sensibility,Drama|Romance,3.95,136,7.7,91300,98,59,90,130747,1,0,0,1,0,1,0
1996,BEST PICTURE,The English Patient,Drama|Romance|War,3.15,162,7.4,164906,84,85,83,81601,1,0,0,0,1,0,1
1996,BEST PICTURE,Fargo,Comedy|Crime|Drama|Thriller,4.11,98,8.1,556451,93,91,93,233620,0,1,0,1,0,0,0
1996,BEST PICTURE,Jerry Maguire,Drama|Romance,3.6,139,7.3,220761,83,82,79,442253,0,0,0,0,0,0,0
1996,BEST PICTURE,Secrets & Lies,Drama,4.04,136,8,33459,95,37,91,11256,1,0,0,0,0,0,0
1996,BEST PICTURE,Shine,Drama|Romance,3.85,105,7.7,48359,91,44,90,30841,0,0,0,0,0,1,0
1997,BEST PICTURE,As Good as It Gets,Comedy|Drama|Romance,3.78,139,7.7,252380,85,78,86,378422,0,1,0,0,0,0,0
1997,BEST PICTURE,The Full Monty,Comedy|Drama,3.68,91,7.2,92111,96,47,79,180069,1,0,1,0,0,0,0
1997,BEST PICTURE,Good Will Hunting,Drama|Romance,4.08,126,8.3,757104,97,74,94,364217,0,0,0,0,0,0,0
1997,BEST PICTURE,L.A. Confidential,Crime|Film-Noir|Mystery|Thriller,4.06,138,8.3,488883,99,104,94,150494,0,0,0,1,0,1,0
1997,BEST PICTURE,Titanic,Drama|Romance,3.41,194,7.8,945422,89,187,69,35797635,0,1,0,0,1,0,1
1998,BEST PICTURE,Elizabeth,Drama,3.85,124,7.5,85280,82,61,86,63369,0,0,0,0,0,0,0
1998,BEST PICTURE,Life Is Beautiful,Comedy|Drama|Romance,4.3,116,8.6,544781,80,87,96,249105,0,0,0,0,0,0,0
1998,BEST PICTURE,Saving Private Ryan,Action|Drama|War,4.05,169,8.6,1095063,93,138,95,992508,0,0,0,1,1,0,0
1998,BEST PICTURE,Shakespeare in Love,Comedy|Drama|Romance,3.8,123,7.1,199971,92,138,80,226875,1,0,1,0,0,0,1
1998,BEST PICTURE,The Thin Red Line,Drama|War,3.33,170,7.6,159479,79,97,80,148972,0,1,0,0,0,0,0
1999,BEST PICTURE,American Beauty,Drama|Romance,4.12,122,8.4,981140,88,184,93,660098,1,0,1,1,1,1,1
1999,BEST PICTURE,The Cider House Rules,Drama|Romance,3.2,126,7.4,87776,71,112,77,53432,0,0,0,0,0,0,0
1999,BEST PICTURE,The Green Mile,Crime|Drama|Fantasy,4.3,189,8.6,999651,79,133,94,813220,0,0,0,0,0,0,0
1999,BEST PICTURE,The Insider,Biography|Drama|Thriller,3.65,157,7.9,148817,96,135,90,59122,0,1,0,0,0,0,0
1999,BEST PICTURE,The Sixth Sense,Drama|Mystery|Thriller,4.18,107,8.1,836639,86,152,90,1036624,0,0,0,0,0,0,0
2000,BEST PICTURE,Chocolat,Drama|Romance,3.68,121,7.3,167453,62,117,83,328835,0,0,0,0,0,0,0
2000,BEST PICTURE,"Crouching Tiger, Hidden Dragon",Action|Adventure|Fantasy,3.54,120,7.9,238676,97,153,86,427169,0,1,0,0,1,1,0
2000,BEST PICTURE,Erin Brockovich,Drama,3.58,131,7.3,157701,84,145,81,418491,0,0,0,0,0,0,0
2000,BEST PICTURE,Gladiator,Action|Adventure|Drama,3.96,155,8.5,1197072,76,194,87,34128074,1,0,0,1,0,0,1
2000,BEST PICTURE,Traffic,Crime|Drama|Thriller,3.8,147,7.6,185430,92,158,85,190305,0,1,1,0,0,0,0
2001,BEST PICTURE,A Beautiful Mind,Biography|Drama,4.24,135,8.2,762773,74,211,93,490636,0,0,0,1,1,0,1
2001,BEST PICTURE,Gosford Park,Comedy|Drama|Mystery,3.61,131,7.3,72932,86,158,78,48385,1,0,1,0,0,0,0
2001,BEST PICTURE,In the Bedroom,Drama,3.68,130,7.4,35201,93,138,81,20102,0,1,0,0,0,0,0
2001,BEST PICTURE,The Lord of the Rings: The Fellowship of the Ring,Adventure|Drama|Fantasy,4.65,178,8.8,1490778,91,228,95,1355751,1,0,0,0,0,0,0
2001,BEST PICTURE,Moulin Rouge,Drama|Musical|Romance,3.53,127,7.6,250630,76,198,89,505054,0,1,0,0,0,1,0
2002,BEST PICTURE,Chicago,Comedy|Crime|Drama|Musical,3.53,113,7.2,199618,85,255,83,439374,0,0,1,1,1,0,1
2002,BEST PICTURE,Gangs of New York,Crime|Drama,3.52,167,7.5,368639,74,209,81,293941,0,0,0,0,0,0,0
2002,BEST PICTURE,The Hours,Drama|Romance,3.37,110,7.6,115934,80,192,84,85869,0,0,0,0,0,1,0
2002,BEST PICTURE,The Lord of the Rings: The Two Towers,Adventure|Drama|Fantasy,4.09,179,8.7,1333248,95,250,95,1341428,0,0,0,0,0,0,0
2002,BEST PICTURE,The Pianist,Biography|Drama|Music,4.4,150,8.5,632843,95,181,95,252767,1,0,0,0,0,0,0
2003,BEST PICTURE,The Lord of the Rings: The Return of the King,Adventure|Drama|Fantasy,4.47,201,8.9,1474187,93,272,86,34679279,1,0,1,1,1,0,1
2003,BEST PICTURE,Lost in Translation,Comedy|Drama|Romance,3.79,102,7.8,371460,95,228,85,336746,0,0,0,0,0,0,0
2003,BEST PICTURE,Master and Commander: The Far Side of the World,Adventure|Drama|War,3.63,138,7.4,188323,85,213,80,140945,0,0,0,0,0,0,0
2003,BEST PICTURE,Mystic River,Crime|Drama|Mystery,3.83,138,8,385990,88,204,89,203255,0,0,0,0,0,1,0
2003,BEST PICTURE,Seabiscuit,Drama,3.59,140,7.3,62908,77,202,76,118363,0,0,0,0,0,0,0
2004,BEST PICTURE,The Aviator,Biography|Drama,3.25,170,7.5,305434,86,221,79,207305,1,0,0,0,0,0,0
2004,BEST PICTURE,Finding Neverland,Drama,3.71,106,7.7,190256,82,204,87,465312,0,0,0,0,0,1,0
2004,BEST PICTURE,Million Dollar Baby,Drama,3.83,132,8.1,581476,91,267,90,404726,0,0,0,0,1,0,1
2004,BEST PICTURE,Ray,Drama,3.79,152,7.7,126766,80,201,87,214440,0,0,0,0,0,0,0
2004,BEST PICTURE,Sideways,Comedy|Drama|Romance,3.66,127,7.5,168833,96,227,78,197574,0,0,1,1,0,0,0
2005,BEST PICTURE,Brokeback Mountain,Drama|Romance,3.6,134,7.7,297198,87,240,82,519664,1,1,0,1,1,0,0
2005,BEST PICTURE,Capote,Crime|Drama,3.7,114,7.4,116264,90,192,81,115868,0,0,0,0,0,0,0
2005,BEST PICTURE,Crash,Crime|Drama|Thriller,3.83,112,7.8,398984,74,236,88,442164,0,0,1,0,0,0,1
2005,BEST PICTURE,"Good Night, and Good Luck.",Crime|Drama,3.79,93,7.5,89670,93,221,83,142659,0,0,0,0,0,1,0
2005,BEST PICTURE,Munich,Action|Crime|Drama|Thriller,3.72,164,7.6,197636,78,203,83,330089,0,0,0,0,0,0,0
2006,BEST PICTURE,Babel,Drama|Thriller,3.64,143,7.5,271955,69,198,77,377200,0,0,0,0,0,0,0
2006,BEST PICTURE,The Departed,Crime|Drama|Thriller,4.21,151,8.5,1063095,91,276,94,737007,0,1,0,1,1,0,1
2006,BEST PICTURE,Letters from Iwo Jima,Drama|War,3.82,141,7.9,145707,91,200,86,340993,0,0,0,0,0,1,0
2006,BEST PICTURE,Little Miss Sunshine,Adventure|Comedy|Drama,3.87,101,7.8,406825,91,212,91,426898,0,0,1,0,0,0,0
2006,BEST PICTURE,The Queen,Drama,3.71,103,7.3,97284,97,195,76,175564,1,0,0,0,0,0,0
2007,BEST PICTURE,Atonement,Drama|Romance|War,3.74,123,7.8,226718,83,213,80,227025,1,0,0,0,0,0,0
2007,BEST PICTURE,Juno,Comedy|Drama|Romance,3.75,96,7.5,463288,94,210,88,549270,0,1,0,0,0,0,0
2007,BEST PICTURE,Michael Clayton,Drama|Thriller,3.72,119,7.3,148135,90,198,69,299898,0,0,0,0,0,0,0
2007,BEST PICTURE,No Country for Old Men,Crime|Drama,4.01,122,8.1,758991,93,280,86,398270,0,1,1,1,1,1,1
2007,BEST PICTURE,There Will Be Blood,Drama|Western,3.97,158,8.2,458895,91,226,86,254737,0,0,0,0,0,0,0
2008,BEST PICTURE,The Curious Case of Benjamin Button,Drama|Fantasy|Romance,3.35,166,7.8,534801,71,246,80,690453,0,0,0,0,0,0,0
2008,BEST PICTURE,Frost/Nixon,Drama,3.77,122,7.7,96675,93,254,88,109789,0,0,0,0,0,0,0
2008,BEST PICTURE,Milk,Drama,3.75,128,7.6,154879,93,238,89,177926,0,0,0,0,0,0,0
2008,BEST PICTURE,The Reader,Drama|Romance,3.21,124,7.6,216679,63,198,79,206829,0,0,0,0,0,0,0
2008,BEST PICTURE,Slumdog Millionaire,Crime|Drama|Romance,3.85,120,8,741778,91,279,90,1155578,1,1,1,1,1,1,1
2009,BEST PICTURE,Avatar,Action|Adventure|Sci-Fi|IMAX,3.65,162,7.8,1033804,82,305,82,1382107,0,0,0,0,0,0,0
2009,BEST PICTURE,The Blind Side,Biography|Drama|Sport,3.61,129,7.7,264785,66,200,85,431674,0,0,0,0,0,0,0
2009,BEST PICTURE,District 9,Mystery|Sci-Fi|Thriller,3.81,112,7.9,600315,90,308,82,1178268,0,0,0,0,0,0,0
2009,BEST PICTURE,An Education,Drama,3.07,100,7.3,122655,95,189,80,54914,0,0,0,0,0,0,0
2009,BEST PICTURE,The Hurt Locker,Drama|Thriller|War,3.08,131,7.6,389413,97,279,84,95887,1,1,0,1,1,0,1
2009,BEST PICTURE,Inglourious Basterds,Action|Drama|War,4,153,8.3,1104975,88,317,87,774649,0,0,1,0,0,0,0
2009,BEST PICTURE,Precious,Drama,3.1,110,7.3,99551,91,230,81,141146,0,0,0,0,0,0,0
2009,BEST PICTURE,A Serious Man,Comedy|Drama,3.2,106,7.1,120698,89,215,68,63010,0,0,0,0,0,0,0
2009,BEST PICTURE,Up,Adventure|Animation|Children|Drama,3.97,96,8.2,834205,98,290,90,1203115,1,0,0,0,0,0,0
2009,BEST PICTURE,Up in the Air,Drama|Romance,3.7,109,7.4,299333,91,278,79,228370,0,0,0,0,0,1,0
2010,BEST PICTURE,Black Swan,Drama|Thriller,3.79,108,8,643344,85,297,84,177606,0,0,0,0,0,0,0
2010,BEST PICTURE,The Fighter,Biography|Drama|Sport,3.52,116,7.8,314452,90,241,89,121259,0,0,0,0,0,0,0
2010,BEST PICTURE,Inception,Action|Crime|Drama|Mystery|Sci-Fi|Thriller|IMAX,4.16,148,8.8,1815438,86,347,91,569017,0,0,0,0,0,0,0
2010,BEST PICTURE,The Kids Are All Right,Comedy|Drama|Romance,3.62,106,7,120209,93,220,73,63538,0,0,0,0,0,0,0
2010,BEST PICTURE,The King's Speech,Biography|Drama|History,4.07,118,8,588876,94,289,92,144233,1,0,1,0,1,0,1
2010,BEST PICTURE,127 Hours,Adventure|Drama|Thriller,3.63,94,7.6,321073,93,229,85,95691,0,0,0,0,0,0,0
2010,BEST PICTURE,The Social Network,Biography|Drama,3.6,120,7.7,564394,95,309,86,203382,0,0,0,1,0,1,0
2010,BEST PICTURE,Toy Story 3,Adventure|Animation|Children|Comedy|Fantasy|IMAX,3.87,103,8.3,672603,98,300,89,606534,1,0,0,0,0,0,0
2010,BEST PICTURE,True Grit,Western,3.8,110,7.6,281676,96,270,85,157892,0,0,0,0,0,0,0
2010,BEST PICTURE,Winter's Bone,Drama|Thriller,3.69,100,7.2,127048,94,167,76,51617,0,0,0,0,0,0,0
2011,BEST PICTURE,The Artist,Comedy|Drama|Romance,3.75,100,7.9,216121,95,307,87,58427,1,0,0,1,1,0,1
2011,BEST PICTURE,The Descendants,Comedy|Drama,3.15,115,7.3,222664,89,254,79,69884,0,0,0,0,0,0,0
2011,BEST PICTURE,Extremely Loud & Incredibly Close,Adventure|Drama|Mystery,3.18,129,6.9,92715,46,184,61,79894,0,0,0,0,0,0,0
2011,BEST PICTURE,The Help,Drama,4.09,146,8.1,389087,76,221,89,107585,0,0,1,0,0,0,0
2011,BEST PICTURE,Hugo,Children|Drama|Mystery,3.54,126,7.5,283131,93,220,78,82598,0,0,0,0,0,1,0
2011,BEST PICTURE,Midnight in Paris,Comedy|Fantasy|Romance,3.79,94,7.7,353610,93,217,83,82219,0,0,0,0,0,0,0
2011,BEST PICTURE,Moneyball,Drama,3.86,133,7.6,323648,94,255,86,91369,0,0,0,0,0,0,0
2011,BEST PICTURE,The Tree of Life,Drama|Fantasy,3.5,139,6.8,155360,85,272,60,60707,0,0,0,0,0,0,0
2011,BEST PICTURE,War Horse,Drama|War,3.39,146,7.2,135219,76,231,74,69575,0,0,0,0,0,0,0
2012,BEST PICTURE,Amour,Drama|Romance,3.81,127,7.9,84339,93,216,82,20833,0,0,0,0,0,0,0
2012,BEST PICTURE,Argo,Drama|Thriller,3.78,120,7.7,530880,96,343,90,208301,1,0,1,1,1,0,1
2012,BEST PICTURE,Beasts of the Southern Wild,Drama|Fantasy,3.65,93,7.3,77134,87,200,76,39281,0,0,0,0,0,0,0
2012,BEST PICTURE,Django Unchained,Action|Drama|Western,4,165,8.4,1194849,86,277,91,427878,0,0,0,0,0,0,0
2012,BEST PICTURE,Les Miserables,Drama|History|Romance,3.36,158,7.6,283626,69,245,79,264971,0,0,0,0,0,0,0
2012,BEST PICTURE,Life of Pi,Adventure|Drama|IMAX,3.7,127,7.9,529919,86,243,84,168928,0,0,0,0,0,0,0
2012,BEST PICTURE,Lincoln,Drama|War,3.63,150,7.4,227225,89,274,80,245639,0,0,0,0,0,0,0
2012,BEST PICTURE,Silver Linings Playbook,Comedy|Drama,3.73,122,7.7,617297,92,246,86,260061,0,0,0,0,0,0,0
2012,BEST PICTURE,Zero Dark Thirty,Action|Drama|Thriller,3.71,157,7.4,248850,91,284,80,196910,0,0,0,0,0,1,0
2013,BEST PICTURE,American Hustle,Crime|Drama,3.55,138,7.2,415450,92,277,74,175632,0,0,1,0,0,0,0
2013,BEST PICTURE,Captain Phillips,Adventure|Drama|Thriller|IMAX,3.8,134,7.8,384246,93,266,89,152202,0,0,0,0,0,0,0
2013,BEST PICTURE,Dallas Buyers Club,Drama,3.91,117,8,399190,93,250,91,92404,0,0,0,0,0,0,0
2013,BEST PICTURE,Gravity,Action|Sci-Fi|IMAX,3.63,91,7.7,702473,96,338,80,302467,0,0,0,0,1,0,0
2013,BEST PICTURE,Her,Drama|Romance|Sci-Fi,3.88,126,8,460550,94,266,82,100604,0,0,0,0,0,1,0
2013,BEST PICTURE,Nebraska,Adventure|Drama,3.73,115,7.7,104721,90,242,83,44723,0,0,0,0,0,0,0
2013,BEST PICTURE,Philomena,Comedy|Drama,3.75,98,7.6,88225,90,189,89,52342,0,0,0,0,0,0,0
2013,BEST PICTURE,12 Years a Slave,Drama,3.88,134,8.1,570967,95,351,90,139823,1,1,0,1,0,0,1
2013,BEST PICTURE,The Wolf of Wall Street,Biography|Crime|Drama,4.26,180,8.2,1020561,78,274,82,179858,0,0,0,0,0,0,0
2014,BEST PICTURE,American Sniper,Action|War,3.49,133,7.3,398192,72,282,84,153142,0,0,0,0,0,0,0
2014,BEST PICTURE,Birdman,Comedy|Drama,3.41,119,7.7,513031,91,334,77,92549,0,1,0,1,0,0,1
2014,BEST PICTURE,Boyhood,Drama,3.81,165,7.9,313703,97,304,80,89399,1,0,0,1,0,0,0
2014,BEST PICTURE,The Grand Budapest Hotel,Adventure|Comedy|Crime,4.16,99,8.1,626412,90,290,86,96815,0,0,0,0,0,0,0
2014,BEST PICTURE,The Imitation Game,Drama|Thriller|War,4.02,114,8,612589,90,270,91,103452,0,0,0,0,0,0,0
2014,BEST PICTURE,Selma,Drama,3.68,128,7.5,77012,99,294,86,61266,0,0,0,0,0,0,0
2014,BEST PICTURE,The Theory of Everything,Drama|Romance,3.81,123,7.7,356799,79,257,84,75638,0,0,0,0,0,0,0
2014,BEST PICTURE,Whiplash,Drama,4.13,106,8.5,604511,93,285,94,69473,0,0,0,0,0,0,0
2015,BEST PICTURE,The Big Short,Biography|Comedy|Drama,3.51,130,7.8,304681,88,310,87,68572,0,0,0,0,0,0,0
2015,BEST PICTURE,Bridge of Spies,Drama|Thriller,3.79,142,7.6,260518,91,288,87,65175,0,0,0,0,0,0,0
2015,BEST PICTURE,Brooklyn,Drama|Romance,3.78,117,7.5,115811,97,261,87,46610,0,0,0,0,0,0,0
2015,BEST PICTURE,Mad Max: Fury Road,Action|Adventure|Sci-Fi|Thriller,3.83,120,8.1,769890,97,400,85,126946,0,0,0,0,0,1,0
2015,BEST PICTURE,The Martian,Adventure|Drama|Sci-Fi,4.04,144,8,669824,91,353,91,130876,0,0,0,0,0,0,0
2015,BEST PICTURE,The Revenant,Adventure|Drama,3.77,156,8,610889,78,373,84,104588,1,0,0,0,1,0,0
2015,BEST PICTURE,Room,Drama,3.98,118,8.2,310530,93,296,93,49138,0,0,0,0,0,0,0
2015,BEST PICTURE,Spotlight,Thriller,4.08,129,8.1,359458,97,351,93,69820,0,0,1,1,0,0,1
2016,BEST PICTURE,Arrival,Sci-Fi,4.02,116,7.9,505053,94,397,82,82035,0,0,0,0,0,0,0
2016,BEST PICTURE,Fences,Drama,3.5,139,7.2,85255,92,249,75,36071,0,0,0,0,0,0,0
2016,BEST PICTURE,Hacksaw Ridge,Drama|War,3.86,139,8.1,359456,86,259,91,55001,0,0,0,1,0,0,0
2016,BEST PICTURE,Hell or High Water,Crime|Drama,3.88,102,7.6,172935,97,263,88,39499,0,0,0,0,0,0,0
2016,BEST PICTURE,Hidden Figures,Drama,4.01,127,7.8,168163,93,294,93,57950,0,0,1,0,0,0,0
2016,BEST PICTURE,La La Land,Comedy|Drama|Romance,3.75,128,8,427459,91,421,81,70145,1,1,0,0,1,0,0
2016,BEST PICTURE,Lion,Drama,3.92,118,8.1,178525,85,254,91,39435,0,0,0,0,1,0,0
2016,BEST PICTURE,Manchester by the Sea,Drama,3.85,137,7.8,211347,96,324,78,49697,0,1,0,0,0,1,0
2016,BEST PICTURE,Moonlight,Drama,3.27,111,7.4,223285,98,353,79,44497,0,0,0,1,0,0,1
2017,BEST PICTURE,Call Me by Your Name,Drama|Romance,3.82,132,7.9,148874,95,324,86,14580,0,0,0,0,0,0,0
2017,BEST PICTURE,Darkest Hour,Drama|War,3.79,125,7.4,133177,84,288,82,13580,0,0,0,0,0,0,0
2017,BEST PICTURE,Dunkirk,Action|Drama|Thriller|War,3.8,106,7.9,456396,92,424,81,67133,0,0,0,0,0,0,0
2017,BEST PICTURE,Get Out,Horror,3.95,104,7.7,384419,98,347,86,73182,0,0,0,0,0,0,0
2017,BEST PICTURE,Ladybird,Comedy,3.79,94,7.4,172468,99,359,79,21134,0,0,0,0,0,0,0
2017,BEST PICTURE,Phantom Thread,Drama|Romance,3.62,130,7.5,83673,91,317,70,7454,0,0,0,0,0,0,0
2017,BEST PICTURE,The Post,Drama|Thriller,3.63,116,7.2,105173,88,365,73,11878,0,0,0,0,0,1,0
2017,BEST PICTURE,The Shape of Water,Adventure|Drama|Fantasy,3.6,123,7.3,299111,92,403,73,24730,0,0,0,1,1,0,1
2017,BEST PICTURE,"Three Billboards Outside Ebbing, Missouri",Crime|Drama,4.01,115,8.2,332659,90,373,86,21942,1,1,1,0,0,0,0
2018,BEST PICTURE,Black Panther,Fantasy|Science Fiction,3.66,134,7.3,490200,97,462,79,87455,0,0,0,1,0,0,0
2018,BEST PICTURE,BlacKkKlansman,Drama|Crime,3.71,135,7.5,133426,96,391,83,9054,0,0,1,0,0,0,0
2018,BEST PICTURE,Bohemian Rhapsody,Drama|Biography,3.79,135,8.1,319377,61,371,86,20705,0,0,0,0,0,0,0
2018,BEST PICTURE,The Favourite,Drama|Comedy,3.82,119,7.7,103011,93,362,67,5754,0,0,1,0,0,0,0
2018,BEST PICTURE,Green Book,Drama|Comedy,3.94,130,8.3,170827,78,316,92,7859,1,0,0,0,0,0,1
2018,BEST PICTURE,Roma,Drama,3.76,135,7.8,100158,96,353,71,4667,0,1,1,0,1,1,0
2018,BEST PICTURE,A Star Is Born,Drama|Romance,3.67,135,7.8,229903,89,472,80,18019,0,0,1,0,0,0,0
2018,BEST PICTURE,Vice,Drama|Comedy,3.49,132,7.2,58938,66,326,58,3902,0,0,0,0,0,0,0