,Unnamed: 0,year,category,winner,title,genres,MovieLensrating,runtimeMinutes,IMDBRating,imdb_numVotes,RottenCriticRating,rottencritic_numVotes,RottenRating,rotten_numVotes,won_oscar,won_bafta,won_sa,won_sag,won_cc,won_dga,won_nbra
0,0,1944,BEST PICTURE,0,Double Indemnity,Crime|Drama|Film-Noir,4.2,107,8.3,125662,96.0,57.0,95.0,35629.0,,,,,,,
1,1,1944,BEST PICTURE,0,Gaslight,Drama|Thriller,4.03,114,7.8,20733,86.0,28.0,90.0,8460.0,,,,,,,
2,2,1944,BEST PICTURE,1,Going My Way,Comedy|Drama|Musical,3.56,126,7.2,9228,79.0,24.0,76.0,5748.0,,,,,,,
3,3,1944,BEST PICTURE,0,Since You Went Away,Drama|War,3.65,177,7.6,3879,80.0,10.0,82.0,1305.0,,,,,,,
4,4,1944,BEST PICTURE,0,Wilson,Drama,3.21,154,6.8,1314,88.0,8.0,41.0,363.0,,,,,,,
5,5,1945,BEST PICTURE,0,Anchors Aweigh,Comedy|Musical,3.56,140,7.2,7177,62.0,13.0,79.0,8276.0,,,,,,,
6,6,1945,BEST PICTURE,0,The Bells of St. Mary's,Drama,3.79,126,7.4,6375,94.0,18.0,77.0,7097.0,,,,,,,
7,7,1945,BEST PICTURE,1,The Lost Weekend,Drama|Film-Noir,3.89,101,8.0,30176,100.0,33.0,90.0,8800.0,,,,,,,
8,8,1945,BEST PICTURE,0,Mildred Pierce,Drama|Film-Noir,3.93,111,8.0,19982,85.0,90.0,90.0,8201.0,,,,,,,
9,9,1945,BEST PICTURE,0,Spellbound,Mystery|Romance|Thriller,3.89,111,7.6,39065,83.0,36.0,82.0,16880.0,,,,,,,
10,10,1946,BEST PICTURE,1,The Best Years of Our Lives,Drama|Romance|War,4.05,170,8.1,52846,96.0,49.0,92.0,10761.0,,,,,,,
11,11,1946,BEST PICTURE,0,Henry V,Biography|Drama|History,3.65,137,7.3,5188,94.0,33.0,83.0,1006.0,,,,,,,
12,12,1946,BEST PICTURE,0,It's a Wonderful Life,Children|Drama|Fantasy|Romance,4.02,130,8.6,352487,93.0,75.0,95.0,218305.0,,,,,,,
13,13,1946,BEST PICTURE,0,The Razor's Edge,Drama|Romance,3.75,145,7.5,4785,83.0,6.0,72.0,1892.0,,,,,,,
14,14,1946,BEST PICTURE,0,The Yearling,Drama|Family|Western,3.65,128,7.3,4868,100.0,14.0,75.0,3759.0,,,,,,,
15,15,1947,BEST PICTURE,0,The Bishop's Wife,Comedy|Drama|Fantasy,3.8,109,7.6,12388,83.0,23.0,81.0,7949.0,,,,,,,
16,16,1947,BEST PICTURE,0,Crossfire,Crime|Film-Noir,3.66,86,7.4,6599,81.0,16.0,75.0,1874.0,,,,,,,
17,17,1947,BEST PICTURE,1,Gentleman's Agreement,Drama,3.74,118,7.4,13157,78.0,37.0,77.0,5598.0,,,,,,,
18,18,1947,BEST PICTURE,0,Great Expectations,Adveture|Drama|Mystery,3.95,118,7.9,20221,100.0,27.0,88.0,9170.0,,,,,,,
19,19,1947,BEST PICTURE,0,Miracle on 34th Street,Comedy|Drama,3.71,96,7.9,36755,96.0,47.0,86.0,47505.0,,,,,,,
20,20,1948,BEST PICTURE,1,Hamlet,Drama,3.75,154,7.8,13761,91.0,34.0,81.0,7514.0,,0.0,,,0.0,,
21,21,1948,BEST PICTURE,0,Johnny Belinda,Drama,3.53,102,7.8,3809,89.0,9.0,88.0,1418.0,,,,,,,
22,22,1948,BEST PICTURE,0,The Red Shoes,Drama|Musical|Romance,4.15,134,8.3,24336,96.0,55.0,92.0,11713.0,,,,,,,
23,23,1948,BEST PICTURE,0,The Snake Pit,Drama|Mystery,3.8,108,7.6,5942,100.0,7.0,83.0,2642.0,,,,,,,
24,24,1948,BEST PICTURE,0,The Treasure of the Sierra Madre,Adventure|Drama|Western,4.1,126,8.2,100647,100.0,45.0,93.0,26022.0,,,,,,,
25,25,1949,BEST PICTURE,1,All the King's Men,Drama,3.9,110,7.5,11860,97.0,34.0,78.0,4832.0,,,,,,,
26,26,1949,BEST PICTURE,0,Battleground,Action|Drama|War,3.53,118,7.5,6037,100.0,5.0,82.0,2723.0,,,,,,,
27,27,1949,BEST PICTURE,0,The Heiress,Drama|Romance,4.1,115,8.2,11689,100.0,9.0,93.0,3000.0,,,,,,,
28,28,1949,BEST PICTURE,0,A Letter to Three Wives,Drama|Romance,3.6,103,7.8,7496,94.0,17.0,86.0,3711.0,,,,,,,
29,29,1949,BEST PICTURE,0,Twelve O'Clock High,Drama|War,3.89,132,7.8,11391,96.0,23.0,87.0,6003.0,,,,,,,
30,30,1950,BEST PICTURE,1,All About Eve,Drama,4.15,138,8.3,106339,100.0,66.0,94.0,45076.0,,,,,,,
31,31,1950,BEST PICTURE,0,Born Yesterday,Comedy,3.85,103,7.6,8916,95.0,21.0,86.0,4765.0,,,,,,,
32,32,1950,BEST PICTURE,0,Father of the Bride,Comedy,3.46,92,7.2,9134,93.0,29.0,74.0,13891.0,,,,,,,
33,33,1950,BEST PICTURE,0,King Solomon's Mines,Action|Adventure|Romance,3.33,103,6.9,5170,92.0,12.0,60.0,3231.0,,,,,,,
34,34,1950,BEST PICTURE,0,Sunset Boulevard,Drama|Film-Noir ,4.2,110,8.4,176525,98.0,62.0,95.0,53182.0,,,,,,,
35,35,1951,BEST PICTURE,1,An American in Paris,Drama|Musical|Romance,3.6,114,7.2,27161,95.0,62.0,79.0,26399.0,,,,,,,
36,36,1951,BEST PICTURE,0,Decision before Dawn,Drama|War,3.65,119,7.3,2076,100.0,5.0,69.0,334.0,,,,,,,
37,37,1951,BEST PICTURE,0,A Place in the Sun,Drama|Romance,3.8,122,7.8,17906,75.0,28.0,84.0,8513.0,,,,,,,
38,38,1951,BEST PICTURE,0,Quo Vadis,Drama|Romance,3.33,171,7.2,12087,88.0,16.0,73.0,3708.0,,,,,,,
39,39,1951,BEST PICTURE,0,A Streetcar Named Desire,Drama,4.0,122,8.0,90884,98.0,55.0,90.0,55049.0,,,,,,,
40,40,1952,BEST PICTURE,1,The Greatest Show on Earth,Drama|Family|Romance,3.35,152,6.7,11488,45.0,29.0,55.0,6168.0,,,,,,,
41,41,1952,BEST PICTURE,0,High Noon,Drama|Western,4.04,85,8.0,89920,96.0,50.0,89.0,25323.0,,,,,,,
42,42,1952,BEST PICTURE,0,Ivanhoe,Adventure|Drama|Romance,3.18,106,6.8,7442,79.0,14.0,64.0,5025.0,,,,,,,
43,43,1952,BEST PICTURE,0,Moulin Rouge,Drama,3.21,119,7.1,4479,78.0,9.0,90.0,68270.0,0.0,,,,,,
44,44,1952,BEST PICTURE,0,The Quiet Man,Comedy|Drama|Romance,3.8,129,7.8,31544,90.0,40.0,91.0,30384.0,,,,,,,
45,45,1953,BEST PICTURE,1,From Here to Eternity,Drama|Romance|War,3.93,118,7.7,39191,92.0,52.0,84.0,14837.0,,,,,,,
46,46,1953,BEST PICTURE,0,Julius Caesar,Drama,3.55,120,7.4,9332,95.0,20.0,81.0,5238.0,,,,,,,
47,47,1953,BEST PICTURE,0,The Robe,Drama|History,3.4,135,6.8,8055,33.0,18.0,69.0,6004.0,,,,,,,
48,48,1953,BEST PICTURE,0,Roman Holiday,Comedy|Drama|Romance,4.06,118,8.1,116728,98.0,53.0,93.0,63319.0,,,,,,,
49,49,1953,BEST PICTURE,0,Shane,Drama|Western,3.76,118,7.7,33258,97.0,33.0,81.0,15474.0,,,,,,,
50,50,1954,BEST PICTURE,0,The Caine Mutiny,Drama|War,3.9,124,7.8,22510,92.0,24.0,87.0,7531.0,,,,,,,
51,51,1954,BEST PICTURE,0,The Country Girl,Drama|Musical,3.45,104,7.3,4831,86.0,7.0,78.0,3102.0,,,,,,,
52,52,1954,BEST PICTURE,1,On the Waterfront,Crime|Drama,4.13,108,8.2,127596,98.0,64.0,95.0,52055.0,,,,,,,
53,53,1954,BEST PICTURE,0,Seven Brides for Seven Brothers,Comedy|Musical|Romance|Western,3.55,102,7.4,19272,88.0,25.0,87.0,54281.0,,,,,,,
54,54,1954,BEST PICTURE,0,Three Coins in the Fountain,Drama|Romance,2.82,102,6.3,2742,63.0,8.0,43.0,2015.0,,,,,,,
55,55,1955,BEST PICTURE,0,Love Is a Many-Splendored Thing,Drama|Romance|War,3.27,102,6.6,4011,50.0,14.0,57.0,2550.0,,,,,,,
56,56,1955,BEST PICTURE,1,Marty,Drama|Romance,3.9,90,7.7,18971,100.0,33.0,87.0,6710.0,,,,,,,
57,57,1955,BEST PICTURE,0,Mister Roberts,Comedy|Drama|War,4.04,123,7.7,14223,92.0,24.0,85.0,6713.0,,,,,,,
58,58,1955,BEST PICTURE,0,Picnic,Drama|Romance,3.65,115,7.2,7260,57.0,7.0,55.0,2506.0,,,,,,,
59,59,1955,BEST PICTURE,0,The Rose Tattoo,Comedy|Drama|Romance,3.45,117,7.2,3124,80.0,5.0,76.0,1102.0,,,,,,,
60,60,1956,BEST PICTURE,1,Around the World in 80 Days,Adventure|Comedy,3.47,175,6.8,21952,71.0,38.0,57.0,33398.0,,,,,,,
61,61,1956,BEST PICTURE,0,Friendly Persuasion,Drama,3.81,137,7.5,5735,88.0,8.0,82.0,1242.0,,,,,,,
62,62,1956,BEST PICTURE,0,Giant,Drama|Romance|Western,3.74,201,7.7,30945,95.0,40.0,86.0,24234.0,,,,,,,
63,63,1956,BEST PICTURE,0,The King and I,Biography|Drama|Musical,3.25,133,7.5,21995,96.0,25.0,83.0,60960.0,,,,,,,
64,64,1956,BEST PICTURE,0,The Ten Commandments,Adventure|Drama,3.45,220,7.9,56606,94.0,33.0,87.0,60166.0,,,,,,,
65,65,1957,BEST PICTURE,1,The Bridge on the River Kwai,Adventure|Drama|War,4.1,161,8.2,184678,95.0,56.0,93.0,54514.0,,,,,,,
66,66,1957,BEST PICTURE,0,Peyton Place,Drama|Romance,3.3,157,7.2,4708,60.0,15.0,73.0,3098.0,,,,,,,
67,67,1957,BEST PICTURE,0,Sayonara,Drama,3.39,147,7.2,5346,100.0,9.0,78.0,3540.0,,,,,,,
68,68,1957,BEST PICTURE,0,12 Angry Men,Drama,4.24,96,8.9,584744,100.0,50.0,97.0,104767.0,,,,,,,
69,69,1957,BEST PICTURE,0,Witness for the Prosecution,Drama|Mystery|Thriller,4.08,116,8.4,89880,100.0,31.0,95.0,8901.0,,,,,,,
70,70,1958,BEST PICTURE,0,Auntie Mame,Comedy|Drama,3.89,143,8.0,9405,93.0,14.0,93.0,8198.0,,,,,,,
71,71,1958,BEST PICTURE,0,Cat on a Hot Tin Roof,Drama,3.93,108,8.1,39943,97.0,35.0,92.0,31697.0,,,,,,,
72,72,1958,BEST PICTURE,0,The Defiant Ones,Crime|Drama,3.35,96,7.7,11772,81.0,21.0,88.0,5123.0,,,,,,,
73,73,1958,BEST PICTURE,1,Gigi,Musical,3.6,115,6.8,17608,79.0,33.0,74.0,20961.0,,,,,,,
74,74,1958,BEST PICTURE,0,Separate Tables,Drama,3.7,100,7.5,5907,71.0,14.0,78.0,1333.0,,,,,,,
75,75,1959,BEST PICTURE,0,Anatomy of a Murder,Drama|Mystery,4.02,160,8.0,53536,100.0,42.0,90.0,12286.0,,,,,,,
76,76,1959,BEST PICTURE,1,Ben-Hur,Action|Adventure|Drama,3.8,212,8.1,199622,87.0,46.0,89.0,106050.0,,,,,,,
77,77,1959,BEST PICTURE,0,The Diary of Anne Frank,Drama|War,3.7,180,7.4,10952,76.0,17.0,77.0,27939.0,,,,,,,
78,78,1959,BEST PICTURE,0,The Nun's Story,Drama,3.2,149,7.6,8422,93.0,15.0,82.0,5543.0,,,,,,,
79,79,1959,BEST PICTURE,0,Room at the Top,Drama,3.81,117,7.6,4434,100.0,13.0,82.0,1162.0,,,,,,,
80,80,1960,BEST PICTURE,0,The Alamo,Adventure|Drama|History,3.3,162,6.9,13013,50.0,20.0,64.0,7310.0,,,,,,,
81,81,1960,BEST PICTURE,1,The Apartment,Comedy|Drama|Romance,4.15,125,8.3,141371,94.0,63.0,94.0,37979.0,,,,,,,
82,82,1960,BEST PICTURE,0,Elmer Gantry,Drama,3.87,146,7.8,9190,97.0,29.0,86.0,3384.0,,,,,,,
83,83,1960,BEST PICTURE,0,Sons and Lovers,Drama,3.08,103,7.3,1147,75.0,8.0,55.0,394.0,,,,,,,
84,84,1960,BEST PICTURE,0,The Sundowners,Drama|Adventure,3.65,133,7.2,3405,80.0,10.0,63.0,584.0,,,,,,,
85,85,1961,BEST PICTURE,0,Fanny,Drama|Romance,3.32,134,7.0,1747,,,70.0,417.0,,,,,,,
86,86,1961,BEST PICTURE,0,The Guns of Navarone,Action|Adventure|Drama,3.25,158,7.6,41652,95.0,22.0,86.0,20179.0,,,,,,,
87,87,1961,BEST PICTURE,0,The Hustler,Drama|Sport,4.15,134,8.0,70153,98.0,43.0,93.0,31163.0,,,,,,,
88,88,1961,BEST PICTURE,0,Judgment at Nuremberg,Drama,3.96,186,8.2,61051,90.0,20.0,93.0,8605.0,,,,,,,
89,89,1961,BEST PICTURE,1,West Side Story,Drama|Musical|Romance,3.72,153,7.6,86813,94.0,67.0,84.0,168816.0,,0.0,,,,,
90,90,1962,BEST PICTURE,1,Lawrence of Arabia,Adventure|Drama|War,4.11,216,8.3,238938,98.0,82.0,93.0,74715.0,1.0,1.0,,,,1.0,
91,91,1962,BEST PICTURE,0,The Longest Day,Action|Drama|History,3.45,178,7.8,48624,91.0,22.0,90.0,42863.0,0.0,,,,,,1.0
92,92,1962,BEST PICTURE,0,The Music Man,Comedy|Musical|Romance,3.35,151,7.7,14692,94.0,17.0,85.0,30520.0,,,,,,0.0,
93,93,1962,BEST PICTURE,0,Mutiny on the Bounty,Adventure|Drama|Romance,3.57,178,7.3,13479,72.0,18.0,73.0,4451.0,0.0,,,,,0.0,
94,94,1962,BEST PICTURE,0,To Kill a Mockingbird,Drama,4.15,129,8.3,268613,91.0,57.0,92.0,178692.0,0.0,0.0,,,,0.0,
95,95,1963,BEST PICTURE,0,America America,Drama,3.45,176,7.8,4300,,,,,0.0,,,,,0.0,
96,96,1963,BEST PICTURE,0,Cleopatra,Drama|Romance,3.44,192,7.0,26208,56.0,34.0,69.0,20503.0,0.0,,,,,,
97,97,1963,BEST PICTURE,0,How the West Was Won,Western,3.56,184,7.1,16813,90.0,20.0,74.0,9762.0,0.0,,,,,,
98,98,1963,BEST PICTURE,0,Lilies of the Field,Drama,3.94,94,7.6,7895,90.0,21.0,85.0,6118.0,0.0,,,,,0.0,
99,99,1963,BEST PICTURE,1,Tom Jones,Adventure|Comedy|Romance,3.77,128,6.6,10311,85.0,33.0,58.0,5459.0,1.0,1.0,,,,1.0,1.0
100,100,1964,BEST PICTURE,0,Becket,Drama,3.91,148,8.0,12568,75.0,24.0,88.0,5598.0,0.0,0.0,,,,0.0,1.0
101,101,1964,BEST PICTURE,0,Dr. Strangelove or: How I Learned to Stop Worrying and Love the Bomb,Comedy|War,4.21,95,8.4,410460,99.0,77.0,94.0,209130.0,0.0,,,,,0.0,
102,102,1964,BEST PICTURE,0,Mary Poppins,Children|Comedy|Fantasy|Musical,3.72,139,7.8,140319,100.0,48.0,86.0,682194.0,0.0,,,,,0.0,
103,103,1964,BEST PICTURE,1,My Fair Lady,Comedy|Drama|Musical|Romance,3.87,170,7.9,79112,96.0,50.0,90.0,186935.0,1.0,1.0,,,,1.0,
104,104,1964,BEST PICTURE,0,Zorba the Greek,Comedy|Drama,3.35,142,7.7,18528,88.0,8.0,87.0,7118.0,0.0,0.0,,,,,
105,105,1965,BEST PICTURE,0,Darling,Drama,3.42,128,7.2,5188,70.0,10.0,71.0,2177.0,0.0,,,,,0.0,
106,106,1965,BEST PICTURE,0,Doctor Zhivago,Drama|Romance|War,3.92,197,8.0,63997,82.0,45.0,88.0,45705.0,0.0,0.0,,,,,
107,107,1965,BEST PICTURE,0,Ship of Fools,Drama,3.5,149,7.2,4629,81.0,16.0,77.0,1164.0,0.0,,,,,,
108,108,1965,BEST PICTURE,1,The Sound of Music,Biography|Drama|Family,4.25,172,8.0,180961,86.0,64.0,91.0,606045.0,1.0,,,,,1.0,
109,109,1965,BEST PICTURE,0,A Thousand Clowns,Comedy|Drama|Romance,3.25,118,7.5,2959,69.0,16.0,89.0,1066.0,0.0,,,,,,
110,110,1966,BEST PICTURE,0,Alfie,Comedy|Drama|Romance,3.6,114,7.1,12307,96.0,26.0,76.0,14660.0,0.0,,,,,0.0,
111,111,1966,BEST PICTURE,1,A Man for All Seasons,Biography|Drama|History,3.45,120,7.8,27943,82.0,38.0,87.0,9727.0,1.0,,,,,1.0,1.0
112,112,1966,BEST PICTURE,0,The Russians Are Coming The Russians Are Coming,Comedy|War,3.6,126,7.1,7144,85.0,20.0,75.0,4747.0,0.0,,,,,,
113,113,1966,BEST PICTURE,0,The Sand Pebbles,Adventure|Drama|Romance,3.45,182,7.7,12077,94.0,16.0,88.0,5626.0,0.0,,,,,0.0,
114,114,1966,BEST PICTURE,0,Who's Afraid of Virginia Woolf?,Drama,4.03,131,8.0,63471,95.0,41.0,91.0,21546.0,0.0,1.0,,,,0.0,
115,115,1967,BEST PICTURE,0,Bonnie and Clyde,Crime|Drama,3.85,111,7.9,93040,88.0,56.0,88.0,56421.0,0.0,0.0,,,,0.0,
116,116,1967,BEST PICTURE,0,Doctor Dolittle,Adventure|Children|Musical,3.0,152,6.2,7524,32.0,19.0,57.0,73369.0,0.0,,,,,,
117,117,1967,BEST PICTURE,0,The Graduate,Comedy|Drama|Romance,4.5,106,8.0,236312,89.0,75.0,90.0,183364.0,0.0,1.0,,,,1.0,
118,118,1967,BEST PICTURE,0,Guess Who's Coming to Dinner,Drama,3.84,108,7.8,34823,71.0,31.0,85.0,38197.0,0.0,,,,,0.0,
119,119,1967,BEST PICTURE,1,In the Heat of the Night,Drama|Mystery,4.05,110,8.0,59775,96.0,49.0,92.0,23095.0,1.0,0.0,,,,0.0,
120,120,1968,BEST PICTURE,0,Funny Girl,Drama|Musical|Romance,3.56,151,7.6,16500,93.0,44.0,85.0,19840.0,0.0,,,,,0.0,
121,121,1968,BEST PICTURE,0,The Lion in Winter,Biography|Drama|History,4.05,134,8.1,26724,92.0,36.0,90.0,13077.0,0.0,,,,,1.0,
122,122,1968,BEST PICTURE,1,Oliver!,Drama|Musical,3.64,153,7.5,31159,82.0,33.0,81.0,56053.0,1.0,0.0,,,,0.0,
123,123,1968,BEST PICTURE,0,"Rachel, Rachel",Drama|Romance,3.62,101,7.4,2660,86.0,7.0,77.0,482.0,0.0,,,,,0.0,
124,124,1968,BEST PICTURE,0,Romeo and Juliet,Drama|Romance,3.61,138,7.6,26971,94.0,36.0,74.0,65120.0,0.0,,,,,0.0,
125,125,1969,BEST PICTURE,0,Anne of the Thousand Days,Drama,3.77,145,7.5,6115,38.0,13.0,83.0,3269.0,0.0,,,,,,
126,126,1969,BEST PICTURE,0,Butch Cassidy and the Sundance Kid,Action|Western,4.03,110,8.1,185605,90.0,48.0,92.0,70978.0,0.0,1.0,,,,0.0,
127,127,1969,BEST PICTURE,0,"Hello, Dolly!",Comedy|Musical|Romance,3.37,146,7.2,11968,43.0,30.0,76.0,21156.0,0.0,,,,,0.0,
128,128,1969,BEST PICTURE,1,Midnight Cowboy,Drama,3.96,113,7.9,89499,90.0,63.0,88.0,39873.0,1.0,1.0,,,,1.0,
129,129,1969,BEST PICTURE,0,Z,Drama|Mystery|Thriller,4.02,127,8.2,21110,93.0,40.0,93.0,6500.0,0.0,0.0,,,,0.0,
130,130,1970,BEST PICTURE,0,Airport,Drama,3.05,137,6.6,15773,80.0,15.0,53.0,11242.0,0.0,,,,,,
131,131,1970,BEST PICTURE,0,Five Easy Pieces,Drama,3.9,98,7.5,29826,88.0,49.0,84.0,13083.0,0.0,,,,,0.0,
132,132,1970,BEST PICTURE,0,Love Story,Drama|Romance,3.21,100,6.9,26871,64.0,25.0,75.0,35255.0,0.0,,,,,0.0,
133,133,1970,BEST PICTURE,0,MASH,Comedy|Drama|War,3.4,116,7.6,62944,85.0,47.0,83.0,53077.0,,,,,,,
134,134,1970,BEST PICTURE,1,Patton,Drama|War,4.0,172,8.0,87450,96.0,45.0,93.0,43207.0,1.0,,,,,1.0,1.0
135,135,1971,BEST PICTURE,0,A Clockwork Orange,Comedy|Drama|Sci-Fi,4.15,136,8.3,680938,90.0,59.0,93.0,436312.0,0.0,0.0,,,,0.0,
136,136,1971,BEST PICTURE,0,Fiddler on the Roof,Drama|Musical,3.89,181,8.0,34806,83.0,40.0,92.0,52502.0,0.0,,,,,,
137,137,1971,BEST PICTURE,1,The French Connection,Action|Crime|Drama,3.8,104,7.8,98575,98.0,56.0,87.0,44157.0,1.0,0.0,,,,1.0,
138,138,1971,BEST PICTURE,0,The Last Picture Show,Drama,4.16,118,8.1,37429,100.0,52.0,90.0,14082.0,0.0,0.0,,,,0.0,
139,139,1971,BEST PICTURE,0,Nicholas and Alexandra,Drama|War,3.43,183,7.3,3967,71.0,14.0,78.0,1663.0,0.0,,,,,,
140,140,1972,BEST PICTURE,0,Cabaret,Drama|Musical,3.86,124,7.8,42949,95.0,37.0,87.0,36019.0,0.0,1.0,,,,0.0,1.0
141,141,1972,BEST PICTURE,0,Deliverance,Adventure|Drama|Thriller,3.77,109,7.7,90274,93.0,56.0,82.0,49318.0,0.0,,,,,0.0,
142,142,1972,BEST PICTURE,0,The Emigrants,Drama|History,3.97,151,8.0,4608,89.0,9.0,87.0,758.0,0.0,,,,,,
143,143,1972,BEST PICTURE,1,The Godfather,Crime|Drama,4.62,175,9.2,1420779,98.0,89.0,98.0,732022.0,1.0,,,,,1.0,
144,144,1972,BEST PICTURE,0,Sounder,Drama,3.76,105,7.6,3128,88.0,17.0,77.0,1922.0,0.0,,,,,0.0,
145,145,1973,BEST PICTURE,0,American Graffiti,Comedy|Drama,3.75,110,7.5,74033,96.0,47.0,84.0,64476.0,0.0,,,,,0.0,
146,146,1973,BEST PICTURE,0,Cries and Whispers,Drama,3.67,151,8.1,25504,89.0,28.0,91.0,9191.0,0.0,,,,,,
147,147,1973,BEST PICTURE,0,The Exorcist,Horror,3.89,122,8.0,329151,85.0,75.0,87.0,419799.0,0.0,,,,,0.0,
148,148,1973,BEST PICTURE,1,The Sting,Comedy|Crime|Drama,3.99,129,8.3,216858,93.0,57.0,95.0,61610.0,1.0,,,,,1.0,1.0
149,149,1973,BEST PICTURE,0,A Touch of Class,Comedy|Romance,3.11,106,6.5,2469,91.0,11.0,65.0,2022.0,0.0,,,,,,
150,150,1974,BEST PICTURE,0,Chinatown,Crime|Film-Noir|Mystery|Thriller,4.15,130,8.2,263490,98.0,64.0,93.0,77592.0,0.0,0.0,,,,0.0,
151,151,1974,BEST PICTURE,0,The Conversation,Drama|Mystery|Thriller,3.48,113,7.9,86745,98.0,49.0,90.0,34941.0,0.0,,,,,0.0,1.0
152,152,1974,BEST PICTURE,1,The Godfather Part II,Crime|Drama,4.31,202,9.0,986231,97.0,73.0,97.0,410664.0,1.0,,,,,1.0,
153,153,1974,BEST PICTURE,0,Lenny,Drama,3.77,111,7.6,12929,95.0,20.0,88.0,6525.0,0.0,,,,,0.0,
154,154,1974,BEST PICTURE,0,The Towering Inferno,Action|Drama|Thriller,3.37,165,6.9,35462,71.0,28.0,71.0,28282.0,0.0,,,,,,
155,155,1975,BEST PICTURE,0,Barry Lyndon,Drama|Romance|War,3.83,185,8.1,130762,94.0,67.0,92.0,44895.0,0.0,0.0,,,,0.0,1.0
156,156,1975,BEST PICTURE,0,Dog Day Afternoon,Crime|Drama,3.96,125,8.0,216415,95.0,42.0,90.0,110014.0,0.0,0.0,,,,0.0,
157,157,1975,BEST PICTURE,0,Jaws,Action|Horror,3.78,124,8.0,505104,97.0,78.0,90.0,943309.0,0.0,0.0,,,,0.0,
158,158,1975,BEST PICTURE,0,Nashville,Drama|Musical,3.89,160,7.8,20856,93.0,54.0,84.0,10046.0,0.0,,,,,0.0,1.0
159,159,1975,BEST PICTURE,1,One Flew over the Cuckoo's Nest,Drama,4.17,133,8.7,821663,94.0,70.0,96.0,279151.0,1.0,,,,,,
160,160,1976,BEST PICTURE,0,All the President's Men,Drama|Thriller,4.03,138,8.0,91053,93.0,56.0,92.0,50158.0,0.0,0.0,,,,0.0,1.0
161,161,1976,BEST PICTURE,0,Bound for Glory,Drama,3.6,147,7.3,4281,85.0,20.0,77.0,1378.0,0.0,,,,,,
162,162,1976,BEST PICTURE,0,Network,Comedy|Drama,4.01,121,8.1,129862,92.0,61.0,93.0,36180.0,0.0,0.0,,,,0.0,
163,163,1976,BEST PICTURE,1,Rocky,Drama,3.73,120,8.1,467667,93.0,60.0,69.0,33403994.0,1.0,0.0,,,,1.0,
164,164,1976,BEST PICTURE,0,Taxi Driver,Crime|Drama|Thriller,4.09,114,8.3,628621,98.0,82.0,93.0,259362.0,0.0,0.0,,,,0.0,
165,165,1977,BEST PICTURE,1,Annie Hall,Comedy|Romance,4.04,93,8.0,235094,97.0,71.0,92.0,153515.0,1.0,1.0,,,,1.0,
166,166,1977,BEST PICTURE,0,The Goodbye Girl,Comedy|Drama|Romance,3.24,111,7.4,11303,88.0,16.0,84.0,7457.0,0.0,,,,,,
167,167,1977,BEST PICTURE,0,Julia,Drama,3.59,117,7.3,8006,72.0,25.0,71.0,2731.0,0.0,1.0,,,,0.0,
168,168,1977,BEST PICTURE,0,Star Wars,Action|Adventure|Fantasy,4.23,121,8.6,1109018,93.0,116.0,96.0,860155.0,0.0,0.0,,,,0.0,
169,169,1977,BEST PICTURE,0,The Turning Point,Drama|Romance,3.7,119,6.9,3869,60.0,20.0,67.0,2860.0,0.0,,,,,0.0,1.0
170,170,1978,BEST PICTURE,0,Coming Home,Drama|War,3.68,127,7.3,11126,82.0,22.0,83.0,5149.0,0.0,,,,,0.0,
171,171,1978,BEST PICTURE,1,The Deer Hunter,Drama|War,3.88,183,8.1,282003,94.0,68.0,92.0,103261.0,1.0,0.0,,,,1.0,
172,172,1978,BEST PICTURE,0,Heaven Can Wait,Comedy,3.54,101,6.9,16762,89.0,36.0,68.0,13197.0,0.0,,,,,0.0,
173,173,1978,BEST PICTURE,0,Midnight Express,Drama,3.89,121,7.6,64924,96.0,24.0,89.0,31000.0,0.0,0.0,,,,0.0,
174,174,1978,BEST PICTURE,0,An Unmarried Woman,Comedy|Drama|Romance,3.6,124,7.2,4096,89.0,19.0,72.0,1805.0,0.0,,,,,0.0,
175,175,1979,BEST PICTURE,0,All That Jazz,Drama|Fantasy|Musical,3.75,123,7.8,23786,86.0,36.0,86.0,11693.0,0.0,,,,,,
176,176,1979,BEST PICTURE,0,Apocalypse Now,Action|Drama|War,4.11,147,8.5,541750,96.0,85.0,94.0,285465.0,0.0,0.0,,,,0.0,
177,177,1979,BEST PICTURE,0,Breaking Away,Comedy|Drama,4.0,101,7.7,19908,94.0,36.0,88.0,9288.0,0.0,,,,,0.0,
178,178,1979,BEST PICTURE,1,Kramer vs. Kramer,Drama,3.73,105,7.8,117293,91.0,45.0,89.0,43300.0,1.0,0.0,,,,1.0,
179,179,1979,BEST PICTURE,0,Norma Rae,Drama,3.67,114,7.4,9281,88.0,25.0,79.0,7169.0,0.0,,,,,,
180,180,1980,BEST PICTURE,0,Coal Miner's Daughter,Drama,3.66,124,7.5,15093,88.0,16.0,86.0,36269.0,0.0,,,,,0.0,
181,181,1980,BEST PICTURE,0,The Elephant Man,Biography|Drama,4.2,124,8.2,198567,91.0,44.0,93.0,64386.0,0.0,1.0,,,,0.0,
182,182,1980,BEST PICTURE,1,Ordinary People,Drama,3.88,124,7.8,41848,91.0,45.0,88.0,23123.0,1.0,,,,,1.0,1.0
183,183,1980,BEST PICTURE,0,Raging Bull,Drama,4.05,129,8.2,284615,95.0,66.0,93.0,131037.0,0.0,,,,,0.0,
184,184,1980,BEST PICTURE,0,Tess,Drama|Romance,3.14,170,7.3,13406,83.0,23.0,78.0,6305.0,0.0,,,,,,
185,185,1981,BEST PICTURE,0,Atlantic City,Crime|Drama|Romance,3.27,104,7.4,13185,100.0,32.0,77.0,5177.0,0.0,0.0,,,,0.0,
186,186,1981,BEST PICTURE,1,Chariots of Fire,Drama,3.69,125,7.2,48905,84.0,67.0,80.0,37105.0,1.0,1.0,,,,0.0,1.0
187,187,1981,BEST PICTURE,0,On Golden Pond,Drama,3.69,109,7.7,25221,92.0,26.0,87.0,20501.0,0.0,0.0,,,,0.0,
188,188,1981,BEST PICTURE,0,Indiana Jones and the Raiders of the Lost Ark,Action|Adventure,3.86,115,8.5,802452,95.0,75.0,96.0,825430.0,,,,,,,
189,189,1981,BEST PICTURE,0,Reds,Drama|Romance,3.51,195,7.4,18978,92.0,39.0,82.0,8957.0,0.0,,,,,1.0,1.0
190,190,1982,BEST PICTURE,0,E.T. The Extra-Terrestrial,Family|Sci-Fi,3.79,115,7.9,333940,98.0,125.0,72.0,32314263.0,0.0,,,,,,
191,191,1982,BEST PICTURE,1,Gandhi,Drama,3.97,191,8.1,205731,86.0,56.0,92.0,49733.0,1.0,1.0,,,,1.0,1.0
192,192,1982,BEST PICTURE,0,Missing,Drama|Mystery|Thriller,3.79,122,7.8,16462,97.0,30.0,85.0,5415.0,0.0,0.0,,,,,
193,193,1982,BEST PICTURE,0,Tootsie,Comedy|Romance,3.62,116,7.4,88680,89.0,47.0,81.0,58385.0,0.0,0.0,,,,0.0,
194,194,1982,BEST PICTURE,0,The Verdict,Drama,3.47,129,7.8,31960,96.0,28.0,88.0,10330.0,0.0,,,,,,
195,195,1983,BEST PICTURE,0,The Big Chill,Comedy|Drama,3.56,105,7.2,29855,66.0,35.0,77.0,22250.0,0.0,,,,,0.0,
196,196,1983,BEST PICTURE,0,The Dresser,Drama,3.35,118,7.7,4303,100.0,14.0,87.0,1791.0,0.0,0.0,,,,,
197,197,1983,BEST PICTURE,0,The Right Stuff,Adventure|Biography|Drama,4.06,193,7.9,51724,98.0,47.0,90.0,22869.0,0.0,,,,,0.0,
198,198,1983,BEST PICTURE,0,Tender Mercies,Drama|Romance|Western,3.95,92,7.4,8419,86.0,21.0,82.0,3591.0,0.0,,,,,0.0,
199,199,1983,BEST PICTURE,1,Terms of Endearment,Comedy|Drama,3.63,132,7.4,48993,88.0,43.0,83.0,36258.0,1.0,,,,,1.0,1.0
200,200,1984,BEST PICTURE,1,Amadeus,Drama,4.06,160,8.3,332732,93.0,89.0,95.0,179835.0,1.0,0.0,,,,1.0,
201,201,1984,BEST PICTURE,0,Places in the Heart,Drama,3.75,111,7.4,9303,96.0,27.0,83.0,6712.0,0.0,,,,,0.0,
202,202,1984,BEST PICTURE,0,A Soldier's Story,Crime|Drama|Mystery,3.6,101,7.2,8012,90.0,20.0,82.0,6482.0,0.0,,,,,0.0,
203,203,1985,BEST PICTURE,0,The Color Purple,Drama,3.42,154,7.8,70945,85.0,27.0,94.0,180782.0,0.0,,,,,1.0,1.0
204,204,1985,BEST PICTURE,0,Kiss of the Spider Woman,Drama,3.78,120,7.4,12857,85.0,26.0,81.0,7162.0,0.0,,,,,,
205,205,1985,BEST PICTURE,1,Out of Africa,Drama|Romance,3.64,161,7.2,63934,60.0,48.0,83.0,40189.0,1.0,,,,,0.0,
206,206,1985,BEST PICTURE,0,Prizzi's Honor,Comedy|Drama|Romance,3.58,130,6.8,20986,88.0,34.0,62.0,7899.0,0.0,,,,,0.0,
207,207,1985,BEST PICTURE,0,Witness,Drama|Romance|Thriller,3.83,112,7.4,77815,92.0,37.0,80.0,46712.0,0.0,0.0,,,,0.0,
208,208,1986,BEST PICTURE,0,Children of a Lesser God,Drama,3.72,119,7.2,13545,81.0,32.0,78.0,8529.0,0.0,,,,,0.0,
209,209,1986,BEST PICTURE,0,Hannah and Her Sisters,Comedy|Drama|Romance,3.92,107,7.9,61296,91.0,56.0,90.0,31017.0,0.0,0.0,,,,0.0,
210,210,1986,BEST PICTURE,0,The Mission,Adventure|Drama|History,3.36,125,7.5,51281,63.0,24.0,87.0,38835.0,0.0,0.0,,,,,
211,211,1986,BEST PICTURE,1,Platoon,Drama|War,3.9,120,8.1,348537,88.0,65.0,93.0,239618.0,1.0,,,,,1.0,
212,212,1986,BEST PICTURE,0,A Room with a View,Drama|Romance,3.71,117,7.4,35583,100.0,30.0,85.0,25400.0,0.0,1.0,,,,0.0,1.0
213,213,1987,BEST PICTURE,0,Broadcast News,Comedy|Drama|Romance,3.68,133,7.2,24558,98.0,47.0,78.0,10930.0,0.0,,,,,0.0,
214,214,1987,BEST PICTURE,0,Fatal Attraction,Drama|Thriller,3.43,119,6.9,66624,78.0,46.0,71.0,52927.0,0.0,,,,,0.0,
215,215,1987,BEST PICTURE,0,Hope and Glory,Drama,3.89,113,7.4,11318,95.0,19.0,83.0,5778.0,0.0,0.0,,,,,
216,216,1987,BEST PICTURE,1,The Last Emperor,Biography|Drama|History,3.45,163,7.8,84367,91.0,65.0,88.0,39805.0,1.0,1.0,,,,1.0,
217,217,1987,BEST PICTURE,0,Moonstruck,Comedy|Romance,3.63,102,7.1,43303,93.0,56.0,80.0,44700.0,0.0,,,,,,
218,218,1988,BEST PICTURE,0,The Accidental Tourist,Drama|Romance,3.5,121,6.8,13797,80.0,30.0,60.0,6193.0,0.0,,,,,,
219,219,1988,BEST PICTURE,0,Dangerous Liaisons,Drama|Romance,3.86,119,7.6,59587,93.0,29.0,83.0,46509.0,0.0,,,,,,
220,220,1988,BEST PICTURE,0,Mississippi Burning,Crime|Drama|Thriller,3.85,128,7.8,78175,86.0,21.0,90.0,39349.0,0.0,,,,,0.0,1.0
221,221,1988,BEST PICTURE,1,Rain Man,Drama,3.91,133,8.0,438239,89.0,76.0,90.0,313840.0,1.0,,,,,1.0,
222,222,1988,BEST PICTURE,0,Working Girl,Comedy|Drama|Romance,3.35,113,6.8,47461,85.0,39.0,67.0,33545.0,0.0,,,,,0.0,
223,223,1989,BEST PICTURE,0,Born on the Fourth of July,Drama|War,3.44,145,7.2,89281,88.0,43.0,76.0,59286.0,0.0,,,,,1.0,
224,224,1989,BEST PICTURE,0,Dead Poets Society,Drama,3.92,128,8.1,363716,84.0,57.0,92.0,306778.0,0.0,1.0,,,,0.0,
225,225,1989,BEST PICTURE,1,Driving Miss Daisy,Drama,3.68,99,7.4,88262,82.0,61.0,81.0,53602.0,1.0,0.0,,,,,1.0
226,226,1989,BEST PICTURE,0,Field of Dreams,Children|Drama|Fantasy,3.62,107,7.5,99100,86.0,58.0,86.0,192781.0,0.0,,,,,0.0,
227,227,1989,BEST PICTURE,0,My Left Foot,Drama,3.88,103,7.9,60454,97.0,35.0,92.0,26704.0,0.0,0.0,,,,,
228,228,1990,BEST PICTURE,0,Awakenings,Drama|Mystery,3.76,121,7.8,111114,88.0,33.0,89.0,55031.0,0.0,,,,,,
229,229,1990,BEST PICTURE,1,Dances With Wolves,Adventure|Drama|Western,4.25,181,8.0,218870,82.0,74.0,87.0,213480.0,1.0,,,,,,
230,230,1990,BEST PICTURE,0,Ghost,Comedy|Drama|Fantasy|Romance|Thriller,3.44,127,7.0,177508,74.0,66.0,80.0,469421.0,0.0,,,,,,
231,231,1990,BEST PICTURE,0,"The Godfather, Part III",Crime|Drama,3.7,162,7.6,323557,68.0,59.0,78.0,305543.0,0.0,,,,,,
232,232,1990,BEST PICTURE,0,Good Fellas,Biography|Crime|Drama,4.11,146,8.7,894319,96.0,92.0,97.0,428539.0,0.0,,,,,,
233,233,1991,BEST PICTURE,0,Beauty and the Beast,Animation|Children|Fantasy|Musical|Romance|IMAX,3.68,84,8.0,384970,94.0,113.0,92.0,759753.0,0.0,,,,,,
234,234,1991,BEST PICTURE,0,Bugsy,Crime|Drama,3.23,136,6.8,23615,85.0,59.0,69.0,10180.0,0.0,,,,,0.0,
235,235,1991,BEST PICTURE,0,JFK,Drama|Mystery|Thriller,3.65,189,8.0,130011,83.0,60.0,88.0,62496.0,0.0,,,,,0.0,
236,236,1991,BEST PICTURE,0,The Prince of Tides,Drama|Romance,3.36,132,6.7,14560,68.0,31.0,70.0,9215.0,0.0,,,,,0.0,
237,237,1991,BEST PICTURE,1,The Silence of the Lambs,Crime|Drama|Thriller,4.39,118,8.6,1117469,96.0,91.0,95.0,846168.0,1.0,0.0,,,,1.0,1.0
238,238,1992,BEST PICTURE,0,The Crying Game,Crime|Drama|Romance,3.13,112,7.3,47076,94.0,66.0,78.0,31785.0,0.0,0.0,,,,0.0,
239,239,1992,BEST PICTURE,0,A Few Good Men,Drama|Thriller,3.37,138,7.7,212882,82.0,62.0,89.0,325214.0,0.0,,,,,0.0,
240,240,1992,BEST PICTURE,0,Howards End,Drama,3.76,142,7.5,25637,94.0,63.0,82.0,13633.0,0.0,1.0,,,,0.0,1.0
241,241,1992,BEST PICTURE,0,Scent of a Woman,Drama,3.77,156,8.0,230482,88.0,42.0,92.0,119055.0,0.0,,,,,,
242,242,1992,BEST PICTURE,1,Unforgiven,Drama|Western,3.99,130,8.2,337196,96.0,98.0,93.0,122466.0,1.0,0.0,,,,1.0,
243,243,1993,BEST PICTURE,0,The Fugitive,Action|Crime|Drama,3.52,130,7.8,243321,96.0,74.0,89.0,267504.0,0.0,,,,,0.0,
244,244,1993,BEST PICTURE,0,In the Name of the Father,Drama,3.9,133,8.1,139999,94.0,50.0,95.0,41239.0,0.0,,,,,,
245,245,1993,BEST PICTURE,0,The Piano,Drama|Musical|Romance,3.27,121,7.6,72606,92.0,60.0,86.0,48539.0,0.0,0.0,,,,0.0,
246,246,1993,BEST PICTURE,0,The Remains of the Day,Drama|Romance,3.46,134,7.9,57003,95.0,40.0,89.0,24259.0,0.0,0.0,,,,0.0,
247,247,1993,BEST PICTURE,1,Schindler's List,Drama|War,4.26,195,8.9,1073070,97.0,95.0,97.0,410783.0,1.0,1.0,,,,1.0,1.0
248,248,1994,BEST PICTURE,1,Forrest Gump,Comedy|Drama|Romance|War,4.06,142,8.8,1587235,72.0,95.0,95.0,1244117.0,1.0,0.0,,,,1.0,1.0
249,249,1994,BEST PICTURE,0,Four Weddings and a Funeral,Comedy|Romance,3.64,117,7.1,125437,96.0,67.0,74.0,184884.0,0.0,1.0,,,,0.0,
250,250,1994,BEST PICTURE,0,Pulp Fiction,Comedy|Crime|Drama|Thriller,4.17,154,8.9,1619279,93.0,86.0,96.0,1125719.0,0.0,0.0,,,,0.0,1.0
251,251,1994,BEST PICTURE,0,Quiz Show,Drama,3.66,133,7.5,60429,96.0,55.0,87.0,31532.0,0.0,0.0,,,,0.0,
252,252,1994,BEST PICTURE,0,The Shawshank Redemption,Drama,4.72,142,9.3,2070726,91.0,67.0,98.0,884998.0,0.0,,,,,0.0,
253,253,1995,BEST PICTURE,0,Apollo 13,Adventure|Drama|IMAX,3.88,140,7.6,243696,95.0,86.0,87.0,432618.0,0.0,,,1.0,,1.0,
254,254,1995,BEST PICTURE,0,Babe,Children|Drama,3.61,91,6.8,108212,97.0,70.0,67.0,508666.0,0.0,0.0,,,,,
255,255,1995,BEST PICTURE,1,Braveheart,Action|Drama|War,4.01,178,8.4,882924,77.0,75.0,85.0,32708421.0,1.0,,,,,0.0,
256,256,1995,BEST PICTURE,0,Sense and Sensibility,Drama|Romance,3.95,136,7.7,91300,98.0,59.0,90.0,130747.0,0.0,1.0,,0.0,1.0,0.0,1.0
257,257,1996,BEST PICTURE,1,The English Patient,Drama|Romance|War,3.15,162,7.4,164906,84.0,85.0,83.0,81601.0,1.0,1.0,0.0,0.0,0.0,1.0,
258,258,1996,BEST PICTURE,0,Fargo,Comedy|Crime|Drama|Thriller,4.11,98,8.1,556451,93.0,91.0,93.0,233620.0,0.0,0.0,1.0,,1.0,0.0,
259,259,1996,BEST PICTURE,0,Jerry Maguire,Drama|Romance,3.6,139,7.3,220761,83.0,82.0,79.0,442253.0,0.0,,,,0.0,0.0,
260,260,1996,BEST PICTURE,0,Secrets & Lies,Drama,4.04,136,8.0,33459,95.0,37.0,91.0,11256.0,0.0,0.0,0.0,,,,
261,261,1996,BEST PICTURE,0,Shine,Drama|Romance,3.85,105,7.7,48359,91.0,44.0,90.0,30841.0,0.0,0.0,0.0,0.0,0.0,0.0,1.0
262,262,1997,BEST PICTURE,0,As Good as It Gets,Comedy|Drama|Romance,3.78,139,7.7,252380,85.0,78.0,86.0,378422.0,0.0,,,,0.0,0.0,
263,263,1997,BEST PICTURE,0,The Full Monty,Comedy|Drama,3.68,91,7.2,92111,96.0,47.0,79.0,180069.0,0.0,1.0,,1.0,0.0,,
264,264,1997,BEST PICTURE,0,Good Will Hunting,Drama|Romance,4.08,126,8.3,757104,97.0,74.0,94.0,364217.0,0.0,,0.0,0.0,0.0,0.0,
265,265,1997,BEST PICTURE,0,L.A. Confidential,Crime|Film-Noir|Mystery|Thriller,4.06,138,8.3,488883,99.0,104.0,94.0,150494.0,0.0,0.0,0.0,0.0,1.0,0.0,1.0
266,266,1997,BEST PICTURE,1,Titanic,Drama|Romance,3.41,194,7.8,945422,89.0,187.0,69.0,35797635.0,1.0,0.0,1.0,0.0,0.0,1.0,
267,267,1998,BEST PICTURE,0,Elizabeth,Drama,3.85,124,7.5,85280,82.0,61.0,86.0,63369.0,0.0,0.0,0.0,,0.0,,
268,268,1998,BEST PICTURE,0,Life Is Beautiful,Comedy|Drama|Romance,4.3,116,8.6,544781,80.0,87.0,96.0,249105.0,0.0,,,0.0,0.0,0.0,
269,269,1998,BEST PICTURE,0,Saving Private Ryan,Action|Drama|War,4.05,169,8.6,1095063,93.0,138.0,95.0,992508.0,0.0,0.0,0.0,0.0,1.0,1.0,
270,270,1998,BEST PICTURE,1,Shakespeare in Love,Comedy|Drama|Romance,3.8,123,7.1,199971,92.0,138.0,80.0,226875.0,1.0,1.0,,1.0,0.0,0.0,
271,271,1998,BEST PICTURE,0,The Thin Red Line,Drama|War,3.33,170,7.6,159479,79.0,97.0,80.0,148972.0,0.0,,1.0,,0.0,0.0,
272,272,1999,BEST PICTURE,1,American Beauty,Drama|Romance,4.12,122,8.4,981140,88.0,184.0,93.0,660098.0,1.0,1.0,0.0,1.0,1.0,1.0,1.0
273,273,1999,BEST PICTURE,0,The Cider House Rules,Drama|Romance,3.2,126,7.4,87776,71.0,112.0,77.0,53432.0,0.0,,,0.0,0.0,,
274,274,1999,BEST PICTURE,0,The Green Mile,Crime|Drama|Fantasy,4.3,189,8.6,999651,79.0,133.0,94.0,813220.0,0.0,,,0.0,0.0,0.0,
275,275,1999,BEST PICTURE,0,The Insider,Biography|Drama|Thriller,3.65,157,7.9,148817,96.0,135.0,90.0,59122.0,0.0,,1.0,,0.0,0.0,
276,276,1999,BEST PICTURE,0,The Sixth Sense,Drama|Mystery|Thriller,4.18,107,8.1,836639,86.0,152.0,90.0,1036624.0,0.0,0.0,,,0.0,0.0,
277,277,2000,BEST PICTURE,0,Chocolat,Drama|Romance,3.68,121,7.3,167453,62.0,117.0,83.0,328835.0,0.0,,,0.0,,,
278,278,2000,BEST PICTURE,0,"Crouching Tiger, Hidden Dragon",Action|Adventure|Fantasy,3.54,120,7.9,238676,97.0,153.0,86.0,427169.0,0.0,0.0,,,0.0,1.0,
279,279,2000,BEST PICTURE,0,Erin Brockovich,Drama,3.58,131,7.3,157701,84.0,145.0,81.0,418491.0,0.0,0.0,0.0,,0.0,0.0,
280,280,2000,BEST PICTURE,1,Gladiator,Action|Adventure|Drama,3.96,155,8.5,1197072,76.0,194.0,87.0,34128074.0,1.0,1.0,0.0,0.0,1.0,0.0,
281,281,2000,BEST PICTURE,0,Traffic,Crime|Drama|Thriller,3.8,147,7.6,185430,92.0,158.0,85.0,190305.0,0.0,,1.0,1.0,0.0,0.0,
282,282,2001,BEST PICTURE,1,A Beautiful Mind,Biography|Drama,4.24,135,8.2,762773,74.0,211.0,93.0,490636.0,1.0,0.0,,0.0,1.0,1.0,
283,283,2001,BEST PICTURE,0,Gosford Park,Comedy|Drama|Mystery,3.61,131,7.3,72932,86.0,158.0,78.0,48385.0,0.0,,,1.0,,,
284,284,2001,BEST PICTURE,0,In the Bedroom,Drama,3.68,130,7.4,35201,93.0,138.0,81.0,20102.0,0.0,,1.0,0.0,0.0,,
285,285,2001,BEST PICTURE,0,The Lord of the Rings: The Fellowship of the Ring,Adventure|Drama|Fantasy,4.65,178,8.8,1490778,91.0,228.0,95.0,1355751.0,0.0,1.0,,0.0,0.0,0.0,
286,286,2001,BEST PICTURE,0,Moulin Rouge,Drama|Musical|Romance,3.53,127,7.6,250630,76.0,198.0,89.0,505054.0,0.0,,,,,,
287,287,2002,BEST PICTURE,1,Chicago,Comedy|Crime|Drama|Musical,3.53,113,7.2,199618,85.0,255.0,83.0,439374.0,1.0,0.0,,1.0,1.0,1.0,
288,288,2002,BEST PICTURE,0,Gangs of New York,Crime|Drama,3.52,167,7.5,368639,74.0,209.0,81.0,293941.0,0.0,0.0,,,0.0,0.0,
289,289,2002,BEST PICTURE,0,The Hours,Drama|Romance,3.37,110,7.6,115934,80.0,192.0,84.0,85869.0,0.0,0.0,0.0,0.0,0.0,0.0,1.0
290,290,2002,BEST PICTURE,0,The Lord of the Rings: The Two Towers,Adventure|Drama|Fantasy,4.09,179,8.7,1333248,95.0,250.0,95.0,1341428.0,0.0,0.0,0.0,0.0,0.0,0.0,
291,291,2002,BEST PICTURE,0,The Pianist,Biography|Drama|Music,4.4,150,8.5,632843,95.0,181.0,95.0,252767.0,0.0,1.0,,,0.0,0.0,
292,292,2003,BEST PICTURE,1,The Lord of the Rings: The Return of the King,Adventure|Drama|Fantasy,4.47,201,8.9,1474187,93.0,272.0,86.0,34679279.0,,1.0,0.0,1.0,1.0,1.0,
293,293,2003,BEST PICTURE,0,Lost in Translation,Comedy|Drama|Romance,3.79,102,7.8,371460,95.0,228.0,85.0,336746.0,,0.0,,,0.0,0.0,
294,294,2003,BEST PICTURE,0,Master and Commander: The Far Side of the World,Adventure|Drama|War,3.63,138,7.4,188323,85.0,213.0,80.0,140945.0,,0.0,0.0,,0.0,0.0,
295,295,2003,BEST PICTURE,0,Mystic River,Crime|Drama|Mystery,3.83,138,8.0,385990,88.0,204.0,89.0,203255.0,,,0.0,0.0,0.0,0.0,1.0
296,296,2003,BEST PICTURE,0,Seabiscuit,Drama,3.59,140,7.3,62908,77.0,202.0,76.0,118363.0,,,,0.0,0.0,0.0,
297,297,2004,BEST PICTURE,0,The Aviator,Biography|Drama,3.25,170,7.5,305434,86.0,221.0,79.0,207305.0,,1.0,0.0,0.0,0.0,0.0,
298,298,2004,BEST PICTURE,0,Finding Neverland,Drama,3.71,106,7.7,190256,82.0,204.0,87.0,465312.0,,0.0,,0.0,0.0,0.0,1.0
299,299,2004,BEST PICTURE,1,Million Dollar Baby,Drama,3.83,132,8.1,581476,91.0,267.0,90.0,404726.0,,,,0.0,0.0,1.0,
300,300,2004,BEST PICTURE,0,Ray,Drama,3.79,152,7.7,126766,80.0,201.0,87.0,214440.0,,,,0.0,0.0,0.0,
301,301,2004,BEST PICTURE,0,Sideways,Comedy|Drama|Romance,3.66,127,7.5,168833,96.0,227.0,78.0,197574.0,,,,1.0,1.0,0.0,
302,302,2005,BEST PICTURE,0,Brokeback Mountain,Drama|Romance,3.6,134,7.7,297198,87.0,240.0,82.0,519664.0,,1.0,1.0,0.0,1.0,1.0,
303,303,2005,BEST PICTURE,0,Capote,Crime|Drama,3.7,114,7.4,116264,90.0,192.0,81.0,115868.0,,0.0,0.0,0.0,0.0,0.0,
304,304,2005,BEST PICTURE,1,Crash,Crime|Drama|Thriller,3.83,112,7.8,398984,74.0,236.0,88.0,442164.0,,0.0,,1.0,0.0,0.0,
305,305,2005,BEST PICTURE,0,"Good Night, and Good Luck.",Crime|Drama,3.79,93,7.5,89670,93.0,221.0,83.0,142659.0,,,,,,,
306,306,2005,BEST PICTURE,0,Munich,Action|Crime|Drama|Thriller,3.72,164,7.6,197636,78.0,203.0,83.0,330089.0,,,,,0.0,0.0,
307,307,2006,BEST PICTURE,0,Babel,Drama|Thriller,3.64,143,7.5,271955,69.0,198.0,77.0,377200.0,,0.0,0.0,0.0,0.0,0.0,
308,308,2006,BEST PICTURE,1,The Departed,Crime|Drama|Thriller,4.21,151,8.5,1063095,91.0,276.0,94.0,737007.0,,0.0,1.0,0.0,1.0,1.0,
309,309,2006,BEST PICTURE,0,Letters from Iwo Jima,Drama|War,3.82,141,7.9,145707,91.0,200.0,86.0,340993.0,,,,,0.0,,1.0
310,310,2006,BEST PICTURE,0,Little Miss Sunshine,Adventure|Comedy|Drama,3.87,101,7.8,406825,91.0,212.0,91.0,426898.0,,0.0,,1.0,0.0,0.0,
311,311,2006,BEST PICTURE,0,The Queen,Drama,3.71,103,7.3,97284,97.0,195.0,76.0,175564.0,,1.0,0.0,,0.0,0.0,
312,312,2007,BEST PICTURE,0,Atonement,Drama|Romance|War,3.74,123,7.8,226718,83.0,213.0,80.0,227025.0,,1.0,,,0.0,,
313,313,2007,BEST PICTURE,0,Juno,Comedy|Drama|Romance,3.75,96,7.5,463288,94.0,210.0,88.0,549270.0,,,,,0.0,,
314,314,2007,BEST PICTURE,0,Michael Clayton,Drama|Thriller,3.72,119,7.3,148135,90.0,198.0,69.0,299898.0,,,,,0.0,0.0,
315,315,2007,BEST PICTURE,1,No Country for Old Men,Crime|Drama,4.01,122,8.1,758991,93.0,280.0,86.0,398270.0,,0.0,1.0,1.0,1.0,1.0,1.0
316,316,2007,BEST PICTURE,0,There Will Be Blood,Drama|Western,3.97,158,8.2,458895,91.0,226.0,86.0,254737.0,,0.0,,,0.0,0.0,
317,317,2008,BEST PICTURE,0,The Curious Case of Benjamin Button,Drama|Fantasy|Romance,3.35,166,7.8,534801,71.0,246.0,80.0,690453.0,,0.0,,0.0,0.0,0.0,
318,318,2008,BEST PICTURE,0,Frost/Nixon,Drama,3.77,122,7.7,96675,93.0,254.0,88.0,109789.0,,0.0,0.0,0.0,0.0,0.0,
319,319,2008,BEST PICTURE,0,Milk,Drama,3.75,128,7.6,154879,93.0,238.0,89.0,177926.0,,0.0,0.0,0.0,0.0,0.0,
320,320,2008,BEST PICTURE,0,Milk,Drama,3.75,102,6.7,2583,93.0,238.0,89.0,177926.0,,0.0,0.0,0.0,0.0,0.0,
321,321,2008,BEST PICTURE,0,The Reader,Drama|Romance,3.21,124,7.6,216679,63.0,198.0,79.0,206829.0,,0.0,0.0,,0.0,,
322,322,2008,BEST PICTURE,1,Slumdog Millionaire,Crime|Drama|Romance,3.85,120,8.0,741778,91.0,279.0,90.0,1155578.0,,1.0,1.0,1.0,1.0,1.0,1.0
323,323,2009,BEST PICTURE,0,Avatar,Action|Adventure|Sci-Fi|IMAX,3.65,162,7.8,1033804,82.0,305.0,82.0,1382107.0,,0.0,,,0.0,0.0,
324,324,2009,BEST PICTURE,0,The Blind Side,Biography|Drama|Sport,3.61,129,7.7,264785,66.0,200.0,85.0,431674.0,,,,,,,
325,325,2009,BEST PICTURE,0,District 9,Mystery|Sci-Fi|Thriller,3.81,112,7.9,600315,90.0,308.0,82.0,1178268.0,,,,,,,
326,326,2009,BEST PICTURE,0,An Education,Drama,3.07,100,7.3,122655,95.0,189.0,80.0,54914.0,,0.0,0.0,0.0,0.0,,
327,327,2009,BEST PICTURE,1,The Hurt Locker,Drama|Thriller|War,3.08,131,7.6,389413,97.0,279.0,84.0,95887.0,,1.0,1.0,0.0,1.0,1.0,
328,328,2009,BEST PICTURE,0,Inglourious Basterds,Action|Drama|War,4.0,153,8.3,1104975,88.0,317.0,87.0,774649.0,,,,1.0,0.0,0.0,
329,329,2009,BEST PICTURE,0,Precious: Based on the Novel 'Push' by Sapphire,Drama,3.1,110,7.3,99551,91.0,230.0,81.0,141146.0,,,,,,,
330,330,2009,BEST PICTURE,0,A Serious Man,Comedy|Drama,3.2,106,7.1,120698,89.0,215.0,68.0,63010.0,,,,,0.0,,
331,331,2009,BEST PICTURE,0,Up,Adventure|Animation|Children|Drama,3.97,96,8.2,834205,98.0,290.0,90.0,1203115.0,,,,,0.0,,
332,332,2009,BEST PICTURE,0,Up in the Air,Drama|Romance,3.7,109,7.4,299333,91.0,278.0,79.0,228370.0,,0.0,,,0.0,0.0,1.0
333,333,2010,BEST PICTURE,0,Black Swan,Drama|Thriller,3.79,108,8.0,643344,85.0,297.0,84.0,177606.0,,0.0,,0.0,0.0,0.0,
334,334,2010,BEST PICTURE,0,The Fighter,Biography|Drama|Sport,3.52,116,7.8,314452,90.0,241.0,89.0,121259.0,,,,0.0,0.0,0.0,
335,335,2010,BEST PICTURE,0,Inception,Action|Crime|Drama|Mystery|Sci-Fi|Thriller|IMAX,4.16,148,8.8,1815438,86.0,347.0,91.0,569017.0,,0.0,,,0.0,0.0,
336,336,2010,BEST PICTURE,0,The Kids Are All Right,Comedy|Drama|Romance,3.62,106,7.0,120209,93.0,220.0,73.0,63538.0,,,,0.0,,,
337,337,2010,BEST PICTURE,1,The King's Speech,Biography|Drama|History,4.07,118,8.0,588876,94.0,289.0,92.0,144233.0,,1.0,,1.0,0.0,1.0,
338,338,2010,BEST PICTURE,0,127 Hours,Adventure|Drama|Thriller,3.63,94,7.6,321073,93.0,229.0,85.0,95691.0,,,,,0.0,,
339,339,2010,BEST PICTURE,0,The Social Network,Biography|Drama,3.6,120,7.7,564394,95.0,309.0,86.0,203382.0,,0.0,,0.0,1.0,0.0,1.0
340,340,2010,BEST PICTURE,0,Toy Story 3,Adventure|Animation|Children|Comedy|Fantasy|IMAX,3.87,103,8.3,672603,98.0,300.0,89.0,606534.0,,,,,0.0,,
341,341,2010,BEST PICTURE,0,True Grit,Western,3.8,110,7.6,281676,96.0,270.0,85.0,157892.0,,0.0,,,0.0,,
342,342,2010,BEST PICTURE,0,Winter's Bone,Drama|Thriller,3.69,100,7.2,127048,94.0,167.0,76.0,51617.0,,,,,0.0,,
343,343,2011,BEST PICTURE,1,The Artist,Comedy|Drama|Romance,3.75,100,7.9,216121,95.0,307.0,87.0,58427.0,,1.0,,0.0,1.0,1.0,
344,344,2011,BEST PICTURE,0,The Descendants,Comedy|Drama,3.15,115,7.3,222664,89.0,254.0,79.0,69884.0,,0.0,,0.0,0.0,0.0,
345,345,2011,BEST PICTURE,0,Extremely Loud & Incredibly Close,Adventure|Drama|Mystery,3.18,129,6.9,92715,46.0,184.0,61.0,79894.0,,,,,0.0,,
346,346,2011,BEST PICTURE,0,The Help,Drama,4.09,146,8.1,389087,76.0,221.0,89.0,107585.0,,0.0,,1.0,0.0,,
347,347,2011,BEST PICTURE,0,Hugo,Children|Drama|Mystery,3.54,126,7.5,283131,93.0,220.0,78.0,82598.0,,,,,0.0,0.0,1.0
348,348,2011,BEST PICTURE,0,Midnight in Paris,Comedy|Fantasy|Romance,3.79,94,7.7,353610,93.0,217.0,83.0,82219.0,,,,0.0,0.0,0.0,
349,349,2011,BEST PICTURE,0,Moneyball,Drama,3.86,133,7.6,323648,94.0,255.0,86.0,91369.0,,,,,0.0,,
350,350,2011,BEST PICTURE,0,The Tree of Life,Drama|Fantasy,3.5,139,6.8,155360,85.0,272.0,60.0,60707.0,,,,,0.0,,
351,351,2011,BEST PICTURE,0,War Horse,Drama|War,3.39,146,7.2,135219,76.0,231.0,74.0,69575.0,,,,,0.0,,
352,352,2012,BEST PICTURE,0,Amour,Drama|Romance,3.81,127,7.9,84339,93.0,216.0,82.0,20833.0,,,,,,,
353,353,2012,BEST PICTURE,1,Argo,Drama|Thriller,3.78,120,7.7,530880,96.0,343.0,90.0,208301.0,,1.0,,1.0,1.0,1.0,
354,354,2012,BEST PICTURE,0,Beasts of the Southern Wild,Drama|Fantasy,3.65,93,7.3,77134,87.0,200.0,76.0,39281.0,,,,,0.0,,
355,355,2012,BEST PICTURE,0,Django Unchained,Action|Drama|Western,4.0,165,8.4,1194849,86.0,277.0,91.0,427878.0,,,,,0.0,,
356,356,2012,BEST PICTURE,0,Les Miserables,Drama|History|Romance,3.36,158,7.6,283626,69.0,245.0,79.0,264971.0,,,,,,,
357,357,2012,BEST PICTURE,0,Life of Pi,Adventure|Drama|IMAX,3.7,127,7.9,529919,86.0,243.0,84.0,168928.0,,0.0,,,0.0,0.0,
358,358,2012,BEST PICTURE,0,Lincoln,Drama|War,3.63,150,7.4,227225,89.0,274.0,80.0,245639.0,,0.0,,0.0,0.0,0.0,
359,359,2012,BEST PICTURE,0,Silver Linings Playbook,Comedy|Drama,3.73,122,7.7,617297,92.0,246.0,86.0,260061.0,,,,0.0,0.0,,
360,360,2012,BEST PICTURE,0,Zero Dark Thirty,Action|Drama|Thriller,3.71,157,7.4,248850,91.0,284.0,80.0,196910.0,,0.0,,,0.0,0.0,1.0
361,361,2013,BEST PICTURE,0,American Hustle,Crime|Drama,3.55,138,7.2,415450,92.0,277.0,74.0,175632.0,,0.0,,1.0,0.0,0.0,
362,362,2013,BEST PICTURE,0,Captain Phillips,Adventure|Drama|Thriller|IMAX,3.8,134,7.8,384246,93.0,266.0,89.0,152202.0,,0.0,,,0.0,0.0,
363,363,2013,BEST PICTURE,0,Dallas Buyers Club,Drama,3.91,117,8.0,399190,93.0,250.0,91.0,92404.0,,,,0.0,0.0,,
364,364,2013,BEST PICTURE,0,Gravity,Action|Sci-Fi|IMAX,3.63,91,7.7,702473,96.0,338.0,80.0,302467.0,,0.0,,,0.0,1.0,
365,365,2013,BEST PICTURE,0,Her,Drama|Romance|Sci-Fi,3.88,126,8.0,460550,94.0,266.0,82.0,100604.0,,,,,0.0,,1.0
366,366,2013,BEST PICTURE,0,Nebraska,Adventure|Drama,3.73,115,7.7,104721,90.0,242.0,83.0,44723.0,,,,,0.0,,
367,367,2013,BEST PICTURE,0,Philomena,Comedy|Drama,3.75,98,7.6,88225,90.0,189.0,89.0,52342.0,,0.0,,,,,
368,368,2013,BEST PICTURE,1,12 Years a Slave,Drama,3.88,134,8.1,570967,95.0,351.0,90.0,139823.0,,1.0,,0.0,1.0,0.0,
369,369,2013,BEST PICTURE,0,The Wolf of Wall Street,Biography|Crime|Drama,4.26,180,8.2,1020561,78.0,274.0,82.0,179858.0,,,,,0.0,0.0,
370,370,2014,BEST PICTURE,0,American Sniper,Action|War,3.49,133,7.3,398192,72.0,282.0,84.0,153142.0,,,,,,0.0,
371,371,2014,BEST PICTURE,1,Birdman or,Comedy|Drama,3.41,119,7.7,513031,91.0,334.0,77.0,92549.0,,,,,,,
372,372,2014,BEST PICTURE,0,Boyhood,Drama,3.81,165,7.9,313703,97.0,304.0,80.0,89399.0,,1.0,,0.0,1.0,0.0,
373,373,2014,BEST PICTURE,0,The Grand Budapest Hotel,Adventure|Comedy|Crime,4.16,99,8.1,626412,90.0,290.0,86.0,96815.0,,0.0,,0.0,0.0,0.0,
374,374,2014,BEST PICTURE,0,The Imitation Game,Drama|Thriller|War,4.02,114,8.0,612589,90.0,270.0,91.0,103452.0,,0.0,,0.0,0.0,0.0,
375,375,2014,BEST PICTURE,0,Selma,Drama,3.68,128,7.5,77012,99.0,294.0,86.0,61266.0,,,,,0.0,,
376,376,2014,BEST PICTURE,0,The Theory of Everything,Drama|Romance,3.81,123,7.7,356799,79.0,257.0,84.0,75638.0,,0.0,,0.0,0.0,,
377,377,2014,BEST PICTURE,0,Whiplash,Drama,4.13,106,8.5,604511,93.0,285.0,94.0,69473.0,,,,,0.0,,
378,378,2015,BEST PICTURE,0,The Big Short,Biography|Comedy|Drama,3.51,130,7.8,304681,88.0,310.0,87.0,68572.0,,0.0,,0.0,0.0,0.0,
379,379,2015,BEST PICTURE,0,Bridge of Spies,Drama|Thriller,3.79,142,7.6,260518,91.0,288.0,87.0,65175.0,,0.0,,,0.0,,
380,380,2015,BEST PICTURE,0,Brooklyn,Drama|Romance,3.78,117,7.5,115811,97.0,261.0,87.0,46610.0,,,,,0.0,,
381,381,2015,BEST PICTURE,0,Mad Max: Fury Road,Action|Adventure|Sci-Fi|Thriller,3.83,120,8.1,769890,97.0,400.0,85.0,126946.0,,,,,0.0,0.0,1.0
382,382,2015,BEST PICTURE,0,The Martian,Adventure|Drama|Sci-Fi,4.04,144,8.0,669824,91.0,353.0,91.0,130876.0,,,,,0.0,0.0,
383,383,2015,BEST PICTURE,0,The Revenant,Adventure|Drama,3.77,156,8.0,610889,78.0,373.0,84.0,104588.0,,1.0,,,0.0,1.0,
384,384,2015,BEST PICTURE,0,Room,Drama,3.98,118,8.2,310530,93.0,296.0,93.0,49138.0,,,,,0.0,,
385,385,2015,BEST PICTURE,1,Spotlight,Thriller,4.08,129,8.1,359458,97.0,351.0,93.0,69820.0,,0.0,,1.0,1.0,0.0,
386,386,2016,BEST PICTURE,0,Arrival,Sci-Fi,4.02,116,7.9,505053,94.0,397.0,82.0,82035.0,,0.0,,,0.0,0.0,
387,387,2016,BEST PICTURE,0,Fences,Drama,3.5,139,7.2,85255,92.0,249.0,75.0,36071.0,,,,0.0,0.0,,
388,388,2016,BEST PICTURE,0,Hacksaw Ridge,Drama|War,3.86,139,8.1,359456,86.0,259.0,91.0,55001.0,,,,,0.0,,
389,389,2016,BEST PICTURE,0,Hell or High Water,Crime|Drama,3.88,102,7.6,172935,97.0,263.0,88.0,39499.0,,,,,0.0,,
390,390,2016,BEST PICTURE,0,Hidden Figures,Drama,4.01,127,7.8,168163,93.0,294.0,93.0,57950.0,,,,1.0,,,
391,391,2016,BEST PICTURE,0,La La Land,Comedy|Drama|Romance,3.75,128,8.0,427459,91.0,421.0,81.0,70145.0,,1.0,,,0.0,1.0,
392,392,2016,BEST PICTURE,0,Lion,Drama,3.92,118,8.1,178525,85.0,254.0,91.0,39435.0,,,,,0.0,0.0,
393,393,2016,BEST PICTURE,0,Manchester by the Sea,Drama,3.85,137,7.8,211347,96.0,324.0,78.0,49697.0,,0.0,,0.0,0.0,0.0,1.0
394,394,2016,BEST PICTURE,1,Moonlight,Drama,3.27,111,7.4,223285,98.0,353.0,79.0,44497.0,,0.0,,0.0,1.0,0.0,
395,395,2017,BEST PICTURE,0,Call Me by Your Name,Drama|Romance,3.82,132,7.9,148874,95.0,324.0,86.0,14580.0,,0.0,,,0.0,,
396,396,2017,BEST PICTURE,0,Darkest Hour,Drama|War,3.79,125,7.4,133177,84.0,288.0,82.0,13580.0,,0.0,,,0.0,,
397,397,2017,BEST PICTURE,0,Dunkirk,Action|Drama|Thriller|War,3.8,106,7.9,456396,92.0,424.0,81.0,67133.0,,0.0,,,0.0,0.0,
398,398,2017,BEST PICTURE,0,Get Out,Horror,3.95,104,7.7,384419,98.0,347.0,86.0,73182.0,,,,0.0,0.0,0.0,
399,399,2017,BEST PICTURE,0,Lady Bird,Comedy,3.79,94,7.4,172468,99.0,359.0,79.0,21134.0,,,,0.0,0.0,0.0,
400,400,2017,BEST PICTURE,0,Phantom Thread,Drama|Romance,3.62,130,7.5,83673,91.0,317.0,70.0,7454.0,,,,,,,
401,401,2017,BEST PICTURE,0,The Post,Drama|Thriller,3.63,116,7.2,105173,88.0,365.0,73.0,11878.0,,,,,0.0,,1.0
402,402,2017,BEST PICTURE,1,The Shape of Water,Adventure|Drama|Fantasy,3.6,123,7.3,299111,92.0,403.0,73.0,24730.0,,0.0,,,1.0,1.0,
403,403,2017,BEST PICTURE,0,"Three Billboards Outside Ebbing, Missouri",Crime|Drama,4.01,115,8.2,332659,90.0,373.0,86.0,21942.0,,1.0,,1.0,0.0,0.0,
404,404,2018,BEST PICTURE,0,Black Panther,Fantasy|Science Fiction,3.66,134,7.3,490200,97.0,462.0,79.0,87455.0,,,0.0,1.0,0.0,,
405,405,2018,BEST PICTURE,0,BlacKkKlansman,Drama|Crime,3.71,135,7.5,133426,96.0,391.0,83.0,9054.0,,0.0,,0.0,0.0,0.0,
406,406,2018,BEST PICTURE,0,Bohemian Rhapsody,Drama|Biography,3.79,135,8.1,319377,61.0,371.0,86.0,20705.0,,,,0.0,,,
407,407,2018,BEST PICTURE,0,The Favourite,Drama|Comedy,3.82,119,7.7,103011,,,85.0,127.0,,0.0,,,0.0,,
408,408,2018,BEST PICTURE,1,Green Book,Drama|Comedy,3.94,130,8.3,170827,78.0,316.0,92.0,7859.0,,0.0,,,0.0,0.0,1.0
409,409,2018,BEST PICTURE,0,Roma,Drama,3.76,135,7.8,100158,96.0,353.0,71.0,4667.0,,1.0,,,1.0,1.0,
410,410,2018,BEST PICTURE,0,A Star Is Born,Drama|Romance,3.67,135,7.8,229903,89.0,472.0,80.0,18019.0,,,,0.0,0.0,0.0,
411,411,2018,BEST PICTURE,0,Vice,Drama|Comedy,3.49,132,7.2,58938,66.0,326.0,58.0,3902.0,,,,,0.0,0.0,
